path,stem,log_file,stage2_backend,n,k,m,ell,eps,kappa,rho,failed,len_z_hat,eval_advantage,eval_hamming_frac,eval_correlation
/Users/julian/CodingProjects/UniT3/QuarticSpeedupK-XOR/z_Daphne/data/final_problem_set/kxor_instance_n12_k2_m116_ell2_eps0.25_kappa0.75_rho0.0.npz,kxor_instance_n12_k2_m116_ell2_eps0.25_kappa0.75_rho0.0,/Users/julian/CodingProjects/UniT3/QuarticSpeedupK-XOR/logs/final_problem_set_quantum_stage2/kxor_instance_n12_k2_m116_ell2_eps0.25_kappa0.75_rho0.0.log,schmidhuber_stage2_circuit,12,2,116,2,0.25,0.75,0.0,False,12,0.1206896551724138,,
/Users/julian/CodingProjects/UniT3/QuarticSpeedupK-XOR/z_Daphne/data/final_problem_set/kxor_instance_n12_k2_m116_ell2_eps0.25_kappa0.75_rho0.2.npz,kxor_instance_n12_k2_m116_ell2_eps0.25_kappa0.75_rho0.2,/Users/julian/CodingProjects/UniT3/QuarticSpeedupK-XOR/logs/final_problem_set_quantum_stage2/kxor_instance_n12_k2_m116_ell2_eps0.25_kappa0.75_rho0.2.log,schmidhuber_stage2_circuit,12,2,116,2,0.25,0.75,0.2,False,12,0.2413793103448276,0.16666666666666666,0.6666666666666666
/Users/julian/CodingProjects/UniT3/QuarticSpeedupK-XOR/z_Daphne/data/final_problem_set/kxor_instance_n12_k2_m116_ell2_eps0.25_kappa0.75_rho0.4.npz,kxor_instance_n12_k2_m116_ell2_eps0.25_kappa0.75_rho0.4,/Users/julian/CodingProjects/UniT3/QuarticSpeedupK-XOR/logs/final_problem_set_quantum_stage2/kxor_instance_n12_k2_m116_ell2_eps0.25_kappa0.75_rho0.4.log,schmidhuber_stage2_circuit,12,2,116,2,0.25,0.75,0.4,False,12,0.2413793103448276,0.25,0.5
/Users/julian/CodingProjects/UniT3/QuarticSpeedupK-XOR/z_Daphne/data/final_problem_set/kxor_instance_n12_k2_m116_ell2_eps0.25_kappa0.75_rho0.6.npz,kxor_instance_n12_k2_m116_ell2_eps0.25_kappa0.75_rho0.6,/Users/julian/CodingProjects/UniT3/QuarticSpeedupK-XOR/logs/final_problem_set_quantum_stage2/kxor_instance_n12_k2_m116_ell2_eps0.25_kappa0.75_rho0.6.log,schmidhuber_stage2_circuit,12,2,116,2,0.25,0.75,0.6,False,12,0.5344827586206896,0.08333333333333333,0.8333333333333334
/Users/julian/CodingProjects/UniT3/QuarticSpeedupK-XOR/z_Daphne/data/final_problem_set/kxor_instance_n12_k2_m116_ell2_eps0.25_kappa0.75_rho0.8.npz,kxor_instance_n12_k2_m116_ell2_eps0.25_kappa0.75_rho0.8,/Users/julian/CodingProjects/UniT3/QuarticSpeedupK-XOR/logs/final_problem_set_quantum_stage2/kxor_instance_n12_k2_m116_ell2_eps0.25_kappa0.75_rho0.8.log,schmidhuber_stage2_circuit,12,2,116,2,0.25,0.75,0.8,False,12,0.8620689655172413,0.0,1.0
/Users/julian/CodingProjects/UniT3/QuarticSpeedupK-XOR/z_Daphne/data/final_problem_set/kxor_instance_n12_k2_m116_ell2_eps0.25_kappa0.75_rho1.0.npz,kxor_instance_n12_k2_m116_ell2_eps0.25_kappa0.75_rho1.0,/Users/julian/CodingProjects/UniT3/QuarticSpeedupK-XOR/logs/final_problem_set_quantum_stage2/kxor_instance_n12_k2_m116_ell2_eps0.25_kappa0.75_rho1.0.log,schmidhuber_stage2_circuit,12,2,116,2,0.25,0.75,1.0,False,12,1.0,0.0,1.0
/Users/julian/CodingProjects/UniT3/QuarticSpeedupK-XOR/z_Daphne/data/final_problem_set/kxor_instance_n12_k2_m75_ell2_eps0.25_kappa1.0_rho0.0.npz,kxor_instance_n12_k2_m75_ell2_eps0.25_kappa1.0_rho0.0,/Users/julian/CodingProjects/UniT3/QuarticSpeedupK-XOR/logs/final_problem_set_quantum_stage2/kxor_instance_n12_k2_m75_ell2_eps0.25_kappa1.0_rho0.0.log,schmidhuber_stage2_circuit,12,2,75,2,0.25,1.0,0.0,False,12,0.04,,
/Users/julian/CodingProjects/UniT3/QuarticSpeedupK-XOR/z_Daphne/data/final_problem_set/kxor_instance_n12_k2_m75_ell2_eps0.25_kappa1.0_rho0.2.npz,kxor_instance_n12_k2_m75_ell2_eps0.25_kappa1.0_rho0.2,/Users/julian/CodingProjects/UniT3/QuarticSpeedupK-XOR/logs/final_problem_set_quantum_stage2/kxor_instance_n12_k2_m75_ell2_eps0.25_kappa1.0_rho0.2.log,schmidhuber_stage2_circuit,12,2,75,2,0.25,1.0,0.2,False,12,0.25333333333333335,0.3333333333333333,0.3333333333333333
/Users/julian/CodingProjects/UniT3/QuarticSpeedupK-XOR/z_Daphne/data/final_problem_set/kxor_instance_n12_k2_m75_ell2_eps0.25_kappa1.0_rho0.4.npz,kxor_instance_n12_k2_m75_ell2_eps0.25_kappa1.0_rho0.4,/Users/julian/CodingProjects/UniT3/QuarticSpeedupK-XOR/logs/final_problem_set_quantum_stage2/kxor_instance_n12_k2_m75_ell2_eps0.25_kappa1.0_rho0.4.log,schmidhuber_stage2_circuit,12,2,75,2,0.25,1.0,0.4,False,12,0.2,0.5,0.0
/Users/julian/CodingProjects/UniT3/QuarticSpeedupK-XOR/z_Daphne/data/final_problem_set/kxor_instance_n12_k2_m75_ell2_eps0.25_kappa1.0_rho0.6.npz,kxor_instance_n12_k2_m75_ell2_eps0.25_kappa1.0_rho0.6,/Users/julian/CodingProjects/UniT3/QuarticSpeedupK-XOR/logs/final_problem_set_quantum_stage2/kxor_instance_n12_k2_m75_ell2_eps0.25_kappa1.0_rho0.6.log,schmidhuber_stage2_circuit,12,2,75,2,0.25,1.0,0.6,False,12,0.6,0.0,1.0
/Users/julian/CodingProjects/UniT3/QuarticSpeedupK-XOR/z_Daphne/data/final_problem_set/kxor_instance_n12_k2_m75_ell2_eps0.25_kappa1.0_rho0.8.npz,kxor_instance_n12_k2_m75_ell2_eps0.25_kappa1.0_rho0.8,/Users/julian/CodingProjects/UniT3/QuarticSpeedupK-XOR/logs/final_problem_set_quantum_stage2/kxor_instance_n12_k2_m75_ell2_eps0.25_kappa1.0_rho0.8.log,schmidhuber_stage2_circuit,12,2,75,2,0.25,1.0,0.8,False,12,0.2,0.16666666666666666,0.6666666666666666
/Users/julian/CodingProjects/UniT3/QuarticSpeedupK-XOR/z_Daphne/data/final_problem_set/kxor_instance_n12_k2_m75_ell2_eps0.25_kappa1.0_rho1.0.npz,kxor_instance_n12_k2_m75_ell2_eps0.25_kappa1.0_rho1.0,/Users/julian/CodingProjects/UniT3/QuarticSpeedupK-XOR/logs/final_problem_set_quantum_stage2/kxor_instance_n12_k2_m75_ell2_eps0.25_kappa1.0_rho1.0.log,schmidhuber_stage2_circuit,12,2,75,2,0.25,1.0,1.0,False,12,1.0,0.0,1.0
/Users/julian/CodingProjects/UniT3/QuarticSpeedupK-XOR/z_Daphne/data/final_problem_set/kxor_instance_n12_k2_m78_ell2_eps0.3_kappa1.0_rho0.0.npz,kxor_instance_n12_k2_m78_ell2_eps0.3_kappa1.0_rho0.0,/Users/julian/CodingProjects/UniT3/QuarticSpeedupK-XOR/logs/final_problem_set_quantum_stage2/kxor_instance_n12_k2_m78_ell2_eps0.3_kappa1.0_rho0.0.log,schmidhuber_stage2_circuit,12,2,78,2,0.3,1.0,0.0,False,12,0.23076923076923078,,
/Users/julian/CodingProjects/UniT3/QuarticSpeedupK-XOR/z_Daphne/data/final_problem_set/kxor_instance_n12_k2_m78_ell2_eps0.3_kappa1.0_rho0.2.npz,kxor_instance_n12_k2_m78_ell2_eps0.3_kappa1.0_rho0.2,/Users/julian/CodingProjects/UniT3/QuarticSpeedupK-XOR/logs/final_problem_set_quantum_stage2/kxor_instance_n12_k2_m78_ell2_eps0.3_kappa1.0_rho0.2.log,schmidhuber_stage2_circuit,12,2,78,2,0.3,1.0,0.2,False,12,-0.07692307692307693,0.4166666666666667,0.16666666666666666
/Users/julian/CodingProjects/UniT3/QuarticSpeedupK-XOR/z_Daphne/data/final_problem_set/kxor_instance_n12_k2_m78_ell2_eps0.3_kappa1.0_rho0.4.npz,kxor_instance_n12_k2_m78_ell2_eps0.3_kappa1.0_rho0.4,/Users/julian/CodingProjects/UniT3/QuarticSpeedupK-XOR/logs/final_problem_set_quantum_stage2/kxor_instance_n12_k2_m78_ell2_eps0.3_kappa1.0_rho0.4.log,schmidhuber_stage2_circuit,12,2,78,2,0.3,1.0,0.4,False,12,0.0,0.4166666666666667,0.16666666666666666
/Users/julian/CodingProjects/UniT3/QuarticSpeedupK-XOR/z_Daphne/data/final_problem_set/kxor_instance_n12_k2_m78_ell2_eps0.3_kappa1.0_rho0.6.npz,kxor_instance_n12_k2_m78_ell2_eps0.3_kappa1.0_rho0.6,/Users/julian/CodingProjects/UniT3/QuarticSpeedupK-XOR/logs/final_problem_set_quantum_stage2/kxor_instance_n12_k2_m78_ell2_eps0.3_kappa1.0_rho0.6.log,schmidhuber_stage2_circuit,12,2,78,2,0.3,1.0,0.6,False,12,0.2564102564102564,0.3333333333333333,0.3333333333333333
/Users/julian/CodingProjects/UniT3/QuarticSpeedupK-XOR/z_Daphne/data/final_problem_set/kxor_instance_n12_k2_m78_ell2_eps0.3_kappa1.0_rho0.8.npz,kxor_instance_n12_k2_m78_ell2_eps0.3_kappa1.0_rho0.8,/Users/julian/CodingProjects/UniT3/QuarticSpeedupK-XOR/logs/final_problem_set_quantum_stage2/kxor_instance_n12_k2_m78_ell2_eps0.3_kappa1.0_rho0.8.log,schmidhuber_stage2_circuit,12,2,78,2,0.3,1.0,0.8,False,12,0.7435897435897436,0.0,1.0
/Users/julian/CodingProjects/UniT3/QuarticSpeedupK-XOR/z_Daphne/data/final_problem_set/kxor_instance_n12_k2_m78_ell2_eps0.3_kappa1.0_rho1.0.npz,kxor_instance_n12_k2_m78_ell2_eps0.3_kappa1.0_rho1.0,/Users/julian/CodingProjects/UniT3/QuarticSpeedupK-XOR/logs/final_problem_set_quantum_stage2/kxor_instance_n12_k2_m78_ell2_eps0.3_kappa1.0_rho1.0.log,schmidhuber_stage2_circuit,12,2,78,2,0.3,1.0,1.0,False,12,1.0,0.0,1.0
/Users/julian/CodingProjects/UniT3/QuarticSpeedupK-XOR/z_Daphne/data/final_problem_set/kxor_instance_n12_k2_m92_ell2_eps0.25_kappa0.875_rho0.0.npz,kxor_instance_n12_k2_m92_ell2_eps0.25_kappa0.875_rho0.0,/Users/julian/CodingProjects/UniT3/QuarticSpeedupK-XOR/logs/final_problem_set_quantum_stage2/kxor_instance_n12_k2_m92_ell2_eps0.25_kappa0.875_rho0.0.log,schmidhuber_stage2_circuit,12,2,92,2,0.25,0.875,0.0,False,12,0.08695652173913043,,
/Users/julian/CodingProjects/UniT3/QuarticSpeedupK-XOR/z_Daphne/data/final_problem_set/kxor_instance_n12_k2_m92_ell2_eps0.25_kappa0.875_rho0.2.npz,kxor_instance_n12_k2_m92_ell2_eps0.25_kappa0.875_rho0.2,/Users/julian/CodingProjects/UniT3/QuarticSpeedupK-XOR/logs/final_problem_set_quantum_stage2/kxor_instance_n12_k2_m92_ell2_eps0.25_kappa0.875_rho0.2.log,schmidhuber_stage2_circuit,12,2,92,2,0.25,0.875,0.2,False,12,0.13043478260869565,0.3333333333333333,0.3333333333333333
/Users/julian/CodingProjects/UniT3/QuarticSpeedupK-XOR/z_Daphne/data/final_problem_set/kxor_instance_n12_k2_m92_ell2_eps0.25_kappa0.875_rho0.4.npz,kxor_instance_n12_k2_m92_ell2_eps0.25_kappa0.875_rho0.4,/Users/julian/CodingProjects/UniT3/QuarticSpeedupK-XOR/logs/final_problem_set_quantum_stage2/kxor_instance_n12_k2_m92_ell2_eps0.25_kappa0.875_rho0.4.log,schmidhuber_stage2_circuit,12,2,92,2,0.25,0.875,0.4,False,12,0.08695652173913043,0.25,0.5
/Users/julian/CodingProjects/UniT3/QuarticSpeedupK-XOR/z_Daphne/data/final_problem_set/kxor_instance_n12_k2_m92_ell2_eps0.25_kappa0.875_rho0.6.npz,kxor_instance_n12_k2_m92_ell2_eps0.25_kappa0.875_rho0.6,/Users/julian/CodingProjects/UniT3/QuarticSpeedupK-XOR/logs/final_problem_set_quantum_stage2/kxor_instance_n12_k2_m92_ell2_eps0.25_kappa0.875_rho0.6.log,schmidhuber_stage2_circuit,12,2,92,2,0.25,0.875,0.6,False,12,0.1956521739130435,0.3333333333333333,0.3333333333333333
/Users/julian/CodingProjects/UniT3/QuarticSpeedupK-XOR/z_Daphne/data/final_problem_set/kxor_instance_n12_k2_m92_ell2_eps0.25_kappa0.875_rho0.8.npz,kxor_instance_n12_k2_m92_ell2_eps0.25_kappa0.875_rho0.8,/Users/julian/CodingProjects/UniT3/QuarticSpeedupK-XOR/logs/final_problem_set_quantum_stage2/kxor_instance_n12_k2_m92_ell2_eps0.25_kappa0.875_rho0.8.log,schmidhuber_stage2_circuit,12,2,92,2,0.25,0.875,0.8,False,12,0.0,0.25,0.5
/Users/julian/CodingProjects/UniT3/QuarticSpeedupK-XOR/z_Daphne/data/final_problem_set/kxor_instance_n12_k2_m92_ell2_eps0.25_kappa0.875_rho1.0.npz,kxor_instance_n12_k2_m92_ell2_eps0.25_kappa0.875_rho1.0,/Users/julian/CodingProjects/UniT3/QuarticSpeedupK-XOR/logs/final_problem_set_quantum_stage2/kxor_instance_n12_k2_m92_ell2_eps0.25_kappa0.875_rho1.0.log,schmidhuber_stage2_circuit,12,2,92,2,0.25,0.875,1.0,False,12,0.717391304347826,0.08333333333333333,0.8333333333333334
/Users/julian/CodingProjects/UniT3/QuarticSpeedupK-XOR/z_Daphne/data/final_problem_set/kxor_instance_n12_k2_m95_ell2_eps0.3_kappa0.875_rho0.0.npz,kxor_instance_n12_k2_m95_ell2_eps0.3_kappa0.875_rho0.0,/Users/julian/CodingProjects/UniT3/QuarticSpeedupK-XOR/logs/final_problem_set_quantum_stage2/kxor_instance_n12_k2_m95_ell2_eps0.3_kappa0.875_rho0.0.log,schmidhuber_stage2_circuit,12,2,95,2,0.3,0.875,0.0,False,12,0.11578947368421053,,
/Users/julian/CodingProjects/UniT3/QuarticSpeedupK-XOR/z_Daphne/data/final_problem_set/kxor_instance_n12_k2_m95_ell2_eps0.3_kappa0.875_rho0.2.npz,kxor_instance_n12_k2_m95_ell2_eps0.3_kappa0.875_rho0.2,/Users/julian/CodingProjects/UniT3/QuarticSpeedupK-XOR/logs/final_problem_set_quantum_stage2/kxor_instance_n12_k2_m95_ell2_eps0.3_kappa0.875_rho0.2.log,schmidhuber_stage2_circuit,12,2,95,2,0.3,0.875,0.2,False,12,0.05263157894736842,0.5,0.0
/Users/julian/CodingProjects/UniT3/QuarticSpeedupK-XOR/z_Daphne/data/final_problem_set/kxor_instance_n12_k2_m95_ell2_eps0.3_kappa0.875_rho0.4.npz,kxor_instance_n12_k2_m95_ell2_eps0.3_kappa0.875_rho0.4,/Users/julian/CodingProjects/UniT3/QuarticSpeedupK-XOR/logs/final_problem_set_quantum_stage2/kxor_instance_n12_k2_m95_ell2_eps0.3_kappa0.875_rho0.4.log,schmidhuber_stage2_circuit,12,2,95,2,0.3,0.875,0.4,False,12,-0.1368421052631579,0.3333333333333333,0.3333333333333333
/Users/julian/CodingProjects/UniT3/QuarticSpeedupK-XOR/z_Daphne/data/final_problem_set/kxor_instance_n12_k2_m95_ell2_eps0.3_kappa0.875_rho0.6.npz,kxor_instance_n12_k2_m95_ell2_eps0.3_kappa0.875_rho0.6,/Users/julian/CodingProjects/UniT3/QuarticSpeedupK-XOR/logs/final_problem_set_quantum_stage2/kxor_instance_n12_k2_m95_ell2_eps0.3_kappa0.875_rho0.6.log,schmidhuber_stage2_circuit,12,2,95,2,0.3,0.875,0.6,False,12,0.7052631578947368,0.0,1.0
/Users/julian/CodingProjects/UniT3/QuarticSpeedupK-XOR/z_Daphne/data/final_problem_set/kxor_instance_n12_k2_m95_ell2_eps0.3_kappa0.875_rho0.8.npz,kxor_instance_n12_k2_m95_ell2_eps0.3_kappa0.875_rho0.8,/Users/julian/CodingProjects/UniT3/QuarticSpeedupK-XOR/logs/final_problem_set_quantum_stage2/kxor_instance_n12_k2_m95_ell2_eps0.3_kappa0.875_rho0.8.log,schmidhuber_stage2_circuit,12,2,95,2,0.3,0.875,0.8,False,12,0.7684210526315789,0.0,1.0
/Users/julian/CodingProjects/UniT3/QuarticSpeedupK-XOR/z_Daphne/data/final_problem_set/kxor_instance_n12_k2_m95_ell2_eps0.3_kappa0.875_rho1.0.npz,kxor_instance_n12_k2_m95_ell2_eps0.3_kappa0.875_rho1.0,/Users/julian/CodingProjects/UniT3/QuarticSpeedupK-XOR/logs/final_problem_set_quantum_stage2/kxor_instance_n12_k2_m95_ell2_eps0.3_kappa0.875_rho1.0.log,schmidhuber_stage2_circuit,12,2,95,2,0.3,0.875,1.0,False,12,0.6210526315789474,0.08333333333333333,0.8333333333333334
/Users/julian/CodingProjects/UniT3/QuarticSpeedupK-XOR/z_Daphne/data/final_problem_set/kxor_instance_n13_k2_m103_ell2_eps0.25_kappa0.875_rho0.0.npz,kxor_instance_n13_k2_m103_ell2_eps0.25_kappa0.875_rho0.0,/Users/julian/CodingProjects/UniT3/QuarticSpeedupK-XOR/logs/final_problem_set_quantum_stage2/kxor_instance_n13_k2_m103_ell2_eps0.25_kappa0.875_rho0.0.log,schmidhuber_stage2_circuit,13,2,103,2,0.25,0.875,0.0,False,13,0.08737864077669903,,
/Users/julian/CodingProjects/UniT3/QuarticSpeedupK-XOR/z_Daphne/data/final_problem_set/kxor_instance_n13_k2_m103_ell2_eps0.25_kappa0.875_rho0.2.npz,kxor_instance_n13_k2_m103_ell2_eps0.25_kappa0.875_rho0.2,/Users/julian/CodingProjects/UniT3/QuarticSpeedupK-XOR/logs/final_problem_set_quantum_stage2/kxor_instance_n13_k2_m103_ell2_eps0.25_kappa0.875_rho0.2.log,schmidhuber_stage2_circuit,13,2,103,2,0.25,0.875,0.2,False,13,-0.009708737864077669,0.23076923076923078,0.5384615384615384
/Users/julian/CodingProjects/UniT3/QuarticSpeedupK-XOR/z_Daphne/data/final_problem_set/kxor_instance_n13_k2_m103_ell2_eps0.25_kappa0.875_rho0.4.npz,kxor_instance_n13_k2_m103_ell2_eps0.25_kappa0.875_rho0.4,/Users/julian/CodingProjects/UniT3/QuarticSpeedupK-XOR/logs/final_problem_set_quantum_stage2/kxor_instance_n13_k2_m103_ell2_eps0.25_kappa0.875_rho0.4.log,schmidhuber_stage2_circuit,13,2,103,2,0.25,0.875,0.4,False,13,0.39805825242718446,0.07692307692307693,0.8461538461538461
/Users/julian/CodingProjects/UniT3/QuarticSpeedupK-XOR/z_Daphne/data/final_problem_set/kxor_instance_n13_k2_m103_ell2_eps0.25_kappa0.875_rho0.6.npz,kxor_instance_n13_k2_m103_ell2_eps0.25_kappa0.875_rho0.6,/Users/julian/CodingProjects/UniT3/QuarticSpeedupK-XOR/logs/final_problem_set_quantum_stage2/kxor_instance_n13_k2_m103_ell2_eps0.25_kappa0.875_rho0.6.log,schmidhuber_stage2_circuit,13,2,103,2,0.25,0.875,0.6,False,13,0.4563106796116505,0.07692307692307693,0.8461538461538461
/Users/julian/CodingProjects/UniT3/QuarticSpeedupK-XOR/z_Daphne/data/final_problem_set/kxor_instance_n13_k2_m103_ell2_eps0.25_kappa0.875_rho0.8.npz,kxor_instance_n13_k2_m103_ell2_eps0.25_kappa0.875_rho0.8,/Users/julian/CodingProjects/UniT3/QuarticSpeedupK-XOR/logs/final_problem_set_quantum_stage2/kxor_instance_n13_k2_m103_ell2_eps0.25_kappa0.875_rho0.8.log,schmidhuber_stage2_circuit,13,2,103,2,0.25,0.875,0.8,False,13,0.7475728155339806,0.0,1.0
/Users/julian/CodingProjects/UniT3/QuarticSpeedupK-XOR/z_Daphne/data/final_problem_set/kxor_instance_n13_k2_m103_ell2_eps0.25_kappa0.875_rho1.0.npz,kxor_instance_n13_k2_m103_ell2_eps0.25_kappa0.875_rho1.0,/Users/julian/CodingProjects/UniT3/QuarticSpeedupK-XOR/logs/final_problem_set_quantum_stage2/kxor_instance_n13_k2_m103_ell2_eps0.25_kappa0.875_rho1.0.log,schmidhuber_stage2_circuit,13,2,103,2,0.25,0.875,1.0,False,13,-0.10679611650485436,0.38461538461538464,0.23076923076923078
/Users/julian/CodingProjects/UniT3/QuarticSpeedupK-XOR/z_Daphne/data/final_problem_set/kxor_instance_n13_k2_m107_ell2_eps0.3_kappa0.875_rho0.0.npz,kxor_instance_n13_k2_m107_ell2_eps0.3_kappa0.875_rho0.0,/Users/julian/CodingProjects/UniT3/QuarticSpeedupK-XOR/logs/final_problem_set_quantum_stage2/kxor_instance_n13_k2_m107_ell2_eps0.3_kappa0.875_rho0.0.log,schmidhuber_stage2_circuit,13,2,107,2,0.3,0.875,0.0,False,13,0.102803738317757,,
/Users/julian/CodingProjects/UniT3/QuarticSpeedupK-XOR/z_Daphne/data/final_problem_set/kxor_instance_n13_k2_m107_ell2_eps0.3_kappa0.875_rho0.2.npz,kxor_instance_n13_k2_m107_ell2_eps0.3_kappa0.875_rho0.2,/Users/julian/CodingProjects/UniT3/QuarticSpeedupK-XOR/logs/final_problem_set_quantum_stage2/kxor_instance_n13_k2_m107_ell2_eps0.3_kappa0.875_rho0.2.log,schmidhuber_stage2_circuit,13,2,107,2,0.3,0.875,0.2,False,13,0.21495327102803738,0.38461538461538464,0.23076923076923078
/Users/julian/CodingProjects/UniT3/QuarticSpeedupK-XOR/z_Daphne/data/final_problem_set/kxor_instance_n13_k2_m107_ell2_eps0.3_kappa0.875_rho0.4.npz,kxor_instance_n13_k2_m107_ell2_eps0.3_kappa0.875_rho0.4,/Users/julian/CodingProjects/UniT3/QuarticSpeedupK-XOR/logs/final_problem_set_quantum_stage2/kxor_instance_n13_k2_m107_ell2_eps0.3_kappa0.875_rho0.4.log,schmidhuber_stage2_circuit,13,2,107,2,0.3,0.875,0.4,False,13,0.028037383177570093,0.38461538461538464,0.23076923076923078
/Users/julian/CodingProjects/UniT3/QuarticSpeedupK-XOR/z_Daphne/data/final_problem_set/kxor_instance_n13_k2_m107_ell2_eps0.3_kappa0.875_rho0.6.npz,kxor_instance_n13_k2_m107_ell2_eps0.3_kappa0.875_rho0.6,/Users/julian/CodingProjects/UniT3/QuarticSpeedupK-XOR/logs/final_problem_set_quantum_stage2/kxor_instance_n13_k2_m107_ell2_eps0.3_kappa0.875_rho0.6.log,schmidhuber_stage2_circuit,13,2,107,2,0.3,0.875,0.6,False,13,0.08411214953271028,0.3076923076923077,0.38461538461538464
/Users/julian/CodingProjects/UniT3/QuarticSpeedupK-XOR/z_Daphne/data/final_problem_set/kxor_instance_n13_k2_m107_ell2_eps0.3_kappa0.875_rho0.8.npz,kxor_instance_n13_k2_m107_ell2_eps0.3_kappa0.875_rho0.8,/Users/julian/CodingProjects/UniT3/QuarticSpeedupK-XOR/logs/final_problem_set_quantum_stage2/kxor_instance_n13_k2_m107_ell2_eps0.3_kappa0.875_rho0.8.log,schmidhuber_stage2_circuit,13,2,107,2,0.3,0.875,0.8,False,13,-0.102803738317757,0.38461538461538464,0.23076923076923078
/Users/julian/CodingProjects/UniT3/QuarticSpeedupK-XOR/z_Daphne/data/final_problem_set/kxor_instance_n13_k2_m107_ell2_eps0.3_kappa0.875_rho1.0.npz,kxor_instance_n13_k2_m107_ell2_eps0.3_kappa0.875_rho1.0,/Users/julian/CodingProjects/UniT3/QuarticSpeedupK-XOR/logs/final_problem_set_quantum_stage2/kxor_instance_n13_k2_m107_ell2_eps0.3_kappa0.875_rho1.0.log,schmidhuber_stage2_circuit,13,2,107,2,0.3,0.875,1.0,False,13,-0.21495327102803738,0.46153846153846156,0.07692307692307693
/Users/julian/CodingProjects/UniT3/QuarticSpeedupK-XOR/z_Daphne/data/final_problem_set/kxor_instance_n13_k2_m130_ell2_eps0.25_kappa0.75_rho0.0.npz,kxor_instance_n13_k2_m130_ell2_eps0.25_kappa0.75_rho0.0,/Users/julian/CodingProjects/UniT3/QuarticSpeedupK-XOR/logs/final_problem_set_quantum_stage2/kxor_instance_n13_k2_m130_ell2_eps0.25_kappa0.75_rho0.0.log,schmidhuber_stage2_circuit,13,2,130,2,0.25,0.75,0.0,False,13,-0.12307692307692308,,
/Users/julian/CodingProjects/UniT3/QuarticSpeedupK-XOR/z_Daphne/data/final_problem_set/kxor_instance_n13_k2_m130_ell2_eps0.25_kappa0.75_rho0.2.npz,kxor_instance_n13_k2_m130_ell2_eps0.25_kappa0.75_rho0.2,/Users/julian/CodingProjects/UniT3/QuarticSpeedupK-XOR/logs/final_problem_set_quantum_stage2/kxor_instance_n13_k2_m130_ell2_eps0.25_kappa0.75_rho0.2.log,schmidhuber_stage2_circuit,13,2,130,2,0.25,0.75,0.2,False,13,0.27692307692307694,0.23076923076923078,0.5384615384615384
/Users/julian/CodingProjects/UniT3/QuarticSpeedupK-XOR/z_Daphne/data/final_problem_set/kxor_instance_n13_k2_m130_ell2_eps0.25_kappa0.75_rho0.4.npz,kxor_instance_n13_k2_m130_ell2_eps0.25_kappa0.75_rho0.4,/Users/julian/CodingProjects/UniT3/QuarticSpeedupK-XOR/logs/final_problem_set_quantum_stage2/kxor_instance_n13_k2_m130_ell2_eps0.25_kappa0.75_rho0.4.log,schmidhuber_stage2_circuit,13,2,130,2,0.25,0.75,0.4,False,13,0.12307692307692308,0.46153846153846156,0.07692307692307693
/Users/julian/CodingProjects/UniT3/QuarticSpeedupK-XOR/z_Daphne/data/final_problem_set/kxor_instance_n13_k2_m130_ell2_eps0.25_kappa0.75_rho0.6.npz,kxor_instance_n13_k2_m130_ell2_eps0.25_kappa0.75_rho0.6,/Users/julian/CodingProjects/UniT3/QuarticSpeedupK-XOR/logs/final_problem_set_quantum_stage2/kxor_instance_n13_k2_m130_ell2_eps0.25_kappa0.75_rho0.6.log,schmidhuber_stage2_circuit,13,2,130,2,0.25,0.75,0.6,False,13,0.03076923076923077,0.15384615384615385,0.6923076923076923
/Users/julian/CodingProjects/UniT3/QuarticSpeedupK-XOR/z_Daphne/data/final_problem_set/kxor_instance_n13_k2_m130_ell2_eps0.25_kappa0.75_rho0.8.npz,kxor_instance_n13_k2_m130_ell2_eps0.25_kappa0.75_rho0.8,/Users/julian/CodingProjects/UniT3/QuarticSpeedupK-XOR/logs/final_problem_set_quantum_stage2/kxor_instance_n13_k2_m130_ell2_eps0.25_kappa0.75_rho0.8.log,schmidhuber_stage2_circuit,13,2,130,2,0.25,0.75,0.8,False,13,0.7384615384615385,0.0,1.0
/Users/julian/CodingProjects/UniT3/QuarticSpeedupK-XOR/z_Daphne/data/final_problem_set/kxor_instance_n13_k2_m130_ell2_eps0.25_kappa0.75_rho1.0.npz,kxor_instance_n13_k2_m130_ell2_eps0.25_kappa0.75_rho1.0,/Users/julian/CodingProjects/UniT3/QuarticSpeedupK-XOR/logs/final_problem_set_quantum_stage2/kxor_instance_n13_k2_m130_ell2_eps0.25_kappa0.75_rho1.0.log,schmidhuber_stage2_circuit,13,2,130,2,0.25,0.75,1.0,False,13,-0.06153846153846154,0.46153846153846156,0.07692307692307693
/Users/julian/CodingProjects/UniT3/QuarticSpeedupK-XOR/z_Daphne/data/final_problem_set/kxor_instance_n13_k2_m84_ell2_eps0.25_kappa1.0_rho0.0.npz,kxor_instance_n13_k2_m84_ell2_eps0.25_kappa1.0_rho0.0,/Users/julian/CodingProjects/UniT3/QuarticSpeedupK-XOR/logs/final_problem_set_quantum_stage2/kxor_instance_n13_k2_m84_ell2_eps0.25_kappa1.0_rho0.0.log,schmidhuber_stage2_circuit,13,2,84,2,0.25,1.0,0.0,False,13,0.38095238095238093,,
/Users/julian/CodingProjects/UniT3/QuarticSpeedupK-XOR/z_Daphne/data/final_problem_set/kxor_instance_n13_k2_m84_ell2_eps0.25_kappa1.0_rho0.2.npz,kxor_instance_n13_k2_m84_ell2_eps0.25_kappa1.0_rho0.2,/Users/julian/CodingProjects/UniT3/QuarticSpeedupK-XOR/logs/final_problem_set_quantum_stage2/kxor_instance_n13_k2_m84_ell2_eps0.25_kappa1.0_rho0.2.log,schmidhuber_stage2_circuit,13,2,84,2,0.25,1.0,0.2,False,13,0.2857142857142857,0.46153846153846156,0.07692307692307693
/Users/julian/CodingProjects/UniT3/QuarticSpeedupK-XOR/z_Daphne/data/final_problem_set/kxor_instance_n13_k2_m84_ell2_eps0.25_kappa1.0_rho0.4.npz,kxor_instance_n13_k2_m84_ell2_eps0.25_kappa1.0_rho0.4,/Users/julian/CodingProjects/UniT3/QuarticSpeedupK-XOR/logs/final_problem_set_quantum_stage2/kxor_instance_n13_k2_m84_ell2_eps0.25_kappa1.0_rho0.4.log,schmidhuber_stage2_circuit,13,2,84,2,0.25,1.0,0.4,False,13,0.19047619047619047,0.46153846153846156,0.07692307692307693
/Users/julian/CodingProjects/UniT3/QuarticSpeedupK-XOR/z_Daphne/data/final_problem_set/kxor_instance_n13_k2_m84_ell2_eps0.25_kappa1.0_rho0.6.npz,kxor_instance_n13_k2_m84_ell2_eps0.25_kappa1.0_rho0.6,/Users/julian/CodingProjects/UniT3/QuarticSpeedupK-XOR/logs/final_problem_set_quantum_stage2/kxor_instance_n13_k2_m84_ell2_eps0.25_kappa1.0_rho0.6.log,schmidhuber_stage2_circuit,13,2,84,2,0.25,1.0,0.6,False,13,-0.07142857142857142,0.38461538461538464,0.23076923076923078
/Users/julian/CodingProjects/UniT3/QuarticSpeedupK-XOR/z_Daphne/data/final_problem_set/kxor_instance_n13_k2_m84_ell2_eps0.25_kappa1.0_rho0.8.npz,kxor_instance_n13_k2_m84_ell2_eps0.25_kappa1.0_rho0.8,/Users/julian/CodingProjects/UniT3/QuarticSpeedupK-XOR/logs/final_problem_set_quantum_stage2/kxor_instance_n13_k2_m84_ell2_eps0.25_kappa1.0_rho0.8.log,schmidhuber_stage2_circuit,13,2,84,2,0.25,1.0,0.8,False,13,-0.07142857142857142,0.3076923076923077,0.38461538461538464
/Users/julian/CodingProjects/UniT3/QuarticSpeedupK-XOR/z_Daphne/data/final_problem_set/kxor_instance_n13_k2_m84_ell2_eps0.25_kappa1.0_rho1.0.npz,kxor_instance_n13_k2_m84_ell2_eps0.25_kappa1.0_rho1.0,/Users/julian/CodingProjects/UniT3/QuarticSpeedupK-XOR/logs/final_problem_set_quantum_stage2/kxor_instance_n13_k2_m84_ell2_eps0.25_kappa1.0_rho1.0.log,schmidhuber_stage2_circuit,13,2,84,2,0.25,1.0,1.0,False,13,0.11904761904761904,0.38461538461538464,0.23076923076923078
/Users/julian/CodingProjects/UniT3/QuarticSpeedupK-XOR/z_Daphne/data/final_problem_set/kxor_instance_n13_k2_m87_ell2_eps0.3_kappa1.0_rho0.0.npz,kxor_instance_n13_k2_m87_ell2_eps0.3_kappa1.0_rho0.0,/Users/julian/CodingProjects/UniT3/QuarticSpeedupK-XOR/logs/final_problem_set_quantum_stage2/kxor_instance_n13_k2_m87_ell2_eps0.3_kappa1.0_rho0.0.log,schmidhuber_stage2_circuit,13,2,87,2,0.3,1.0,0.0,False,13,0.14942528735632185,,
/Users/julian/CodingProjects/UniT3/QuarticSpeedupK-XOR/z_Daphne/data/final_problem_set/kxor_instance_n13_k2_m87_ell2_eps0.3_kappa1.0_rho0.2.npz,kxor_instance_n13_k2_m87_ell2_eps0.3_kappa1.0_rho0.2,/Users/julian/CodingProjects/UniT3/QuarticSpeedupK-XOR/logs/final_problem_set_quantum_stage2/kxor_instance_n13_k2_m87_ell2_eps0.3_kappa1.0_rho0.2.log,schmidhuber_stage2_circuit,13,2,87,2,0.3,1.0,0.2,False,13,0.28735632183908044,0.3076923076923077,0.38461538461538464
/Users/julian/CodingProjects/UniT3/QuarticSpeedupK-XOR/z_Daphne/data/final_problem_set/kxor_instance_n13_k2_m87_ell2_eps0.3_kappa1.0_rho0.4.npz,kxor_instance_n13_k2_m87_ell2_eps0.3_kappa1.0_rho0.4,/Users/julian/CodingProjects/UniT3/QuarticSpeedupK-XOR/logs/final_problem_set_quantum_stage2/kxor_instance_n13_k2_m87_ell2_eps0.3_kappa1.0_rho0.4.log,schmidhuber_stage2_circuit,13,2,87,2,0.3,1.0,0.4,False,13,0.28735632183908044,0.15384615384615385,0.6923076923076923
/Users/julian/CodingProjects/UniT3/QuarticSpeedupK-XOR/z_Daphne/data/final_problem_set/kxor_instance_n13_k2_m87_ell2_eps0.3_kappa1.0_rho0.6.npz,kxor_instance_n13_k2_m87_ell2_eps0.3_kappa1.0_rho0.6,/Users/julian/CodingProjects/UniT3/QuarticSpeedupK-XOR/logs/final_problem_set_quantum_stage2/kxor_instance_n13_k2_m87_ell2_eps0.3_kappa1.0_rho0.6.log,schmidhuber_stage2_circuit,13,2,87,2,0.3,1.0,0.6,False,13,0.034482758620689655,0.38461538461538464,0.23076923076923078
/Users/julian/CodingProjects/UniT3/QuarticSpeedupK-XOR/z_Daphne/data/final_problem_set/kxor_instance_n13_k2_m87_ell2_eps0.3_kappa1.0_rho0.8.npz,kxor_instance_n13_k2_m87_ell2_eps0.3_kappa1.0_rho0.8,/Users/julian/CodingProjects/UniT3/QuarticSpeedupK-XOR/logs/final_problem_set_quantum_stage2/kxor_instance_n13_k2_m87_ell2_eps0.3_kappa1.0_rho0.8.log,schmidhuber_stage2_circuit,13,2,87,2,0.3,1.0,0.8,False,13,0.7471264367816092,0.0,1.0
/Users/julian/CodingProjects/UniT3/QuarticSpeedupK-XOR/z_Daphne/data/final_problem_set/kxor_instance_n13_k2_m87_ell2_eps0.3_kappa1.0_rho1.0.npz,kxor_instance_n13_k2_m87_ell2_eps0.3_kappa1.0_rho1.0,/Users/julian/CodingProjects/UniT3/QuarticSpeedupK-XOR/logs/final_problem_set_quantum_stage2/kxor_instance_n13_k2_m87_ell2_eps0.3_kappa1.0_rho1.0.log,schmidhuber_stage2_circuit,13,2,87,2,0.3,1.0,1.0,False,13,-0.12643678160919541,0.3076923076923077,0.38461538461538464
/Users/julian/CodingProjects/UniT3/QuarticSpeedupK-XOR/z_Daphne/data/final_problem_set/kxor_instance_n14_k2_m114_ell2_eps0.25_kappa0.875_rho0.0.npz,kxor_instance_n14_k2_m114_ell2_eps0.25_kappa0.875_rho0.0,/Users/julian/CodingProjects/UniT3/QuarticSpeedupK-XOR/logs/final_problem_set_quantum_stage2/kxor_instance_n14_k2_m114_ell2_eps0.25_kappa0.875_rho0.0.log,schmidhuber_stage2_circuit,14,2,114,2,0.25,0.875,0.0,False,14,0.05263157894736842,,
/Users/julian/CodingProjects/UniT3/QuarticSpeedupK-XOR/z_Daphne/data/final_problem_set/kxor_instance_n14_k2_m114_ell2_eps0.25_kappa0.875_rho0.2.npz,kxor_instance_n14_k2_m114_ell2_eps0.25_kappa0.875_rho0.2,/Users/julian/CodingProjects/UniT3/QuarticSpeedupK-XOR/logs/final_problem_set_quantum_stage2/kxor_instance_n14_k2_m114_ell2_eps0.25_kappa0.875_rho0.2.log,schmidhuber_stage2_circuit,14,2,114,2,0.25,0.875,0.2,False,14,-0.05263157894736842,0.5,0.0
/Users/julian/CodingProjects/UniT3/QuarticSpeedupK-XOR/z_Daphne/data/final_problem_set/kxor_instance_n14_k2_m114_ell2_eps0.25_kappa0.875_rho0.4.npz,kxor_instance_n14_k2_m114_ell2_eps0.25_kappa0.875_rho0.4,/Users/julian/CodingProjects/UniT3/QuarticSpeedupK-XOR/logs/final_problem_set_quantum_stage2/kxor_instance_n14_k2_m114_ell2_eps0.25_kappa0.875_rho0.4.log,schmidhuber_stage2_circuit,14,2,114,2,0.25,0.875,0.4,False,14,0.3157894736842105,0.14285714285714285,0.7142857142857143
/Users/julian/CodingProjects/UniT3/QuarticSpeedupK-XOR/z_Daphne/data/final_problem_set/kxor_instance_n14_k2_m114_ell2_eps0.25_kappa0.875_rho0.6.npz,kxor_instance_n14_k2_m114_ell2_eps0.25_kappa0.875_rho0.6,/Users/julian/CodingProjects/UniT3/QuarticSpeedupK-XOR/logs/final_problem_set_quantum_stage2/kxor_instance_n14_k2_m114_ell2_eps0.25_kappa0.875_rho0.6.log,schmidhuber_stage2_circuit,14,2,114,2,0.25,0.875,0.6,False,14,-0.2631578947368421,0.42857142857142855,0.14285714285714285
/Users/julian/CodingProjects/UniT3/QuarticSpeedupK-XOR/z_Daphne/data/final_problem_set/kxor_instance_n14_k2_m114_ell2_eps0.25_kappa0.875_rho0.8.npz,kxor_instance_n14_k2_m114_ell2_eps0.25_kappa0.875_rho0.8,/Users/julian/CodingProjects/UniT3/QuarticSpeedupK-XOR/logs/final_problem_set_quantum_stage2/kxor_instance_n14_k2_m114_ell2_eps0.25_kappa0.875_rho0.8.log,schmidhuber_stage2_circuit,14,2,114,2,0.25,0.875,0.8,False,14,-0.12280701754385964,0.42857142857142855,0.14285714285714285
/Users/julian/CodingProjects/UniT3/QuarticSpeedupK-XOR/z_Daphne/data/final_problem_set/kxor_instance_n14_k2_m114_ell2_eps0.25_kappa0.875_rho1.0.npz,kxor_instance_n14_k2_m114_ell2_eps0.25_kappa0.875_rho1.0,/Users/julian/CodingProjects/UniT3/QuarticSpeedupK-XOR/logs/final_problem_set_quantum_stage2/kxor_instance_n14_k2_m114_ell2_eps0.25_kappa0.875_rho1.0.log,schmidhuber_stage2_circuit,14,2,114,2,0.25,0.875,1.0,False,14,0.05263157894736842,0.35714285714285715,0.2857142857142857
/Users/julian/CodingProjects/UniT3/QuarticSpeedupK-XOR/z_Daphne/data/final_problem_set/kxor_instance_n14_k2_m118_ell2_eps0.3_kappa0.875_rho0.0.npz,kxor_instance_n14_k2_m118_ell2_eps0.3_kappa0.875_rho0.0,/Users/julian/CodingProjects/UniT3/QuarticSpeedupK-XOR/logs/final_problem_set_quantum_stage2/kxor_instance_n14_k2_m118_ell2_eps0.3_kappa0.875_rho0.0.log,schmidhuber_stage2_circuit,14,2,118,2,0.3,0.875,0.0,False,14,0.23728813559322035,,
/Users/julian/CodingProjects/UniT3/QuarticSpeedupK-XOR/z_Daphne/data/final_problem_set/kxor_instance_n14_k2_m118_ell2_eps0.3_kappa0.875_rho0.2.npz,kxor_instance_n14_k2_m118_ell2_eps0.3_kappa0.875_rho0.2,/Users/julian/CodingProjects/UniT3/QuarticSpeedupK-XOR/logs/final_problem_set_quantum_stage2/kxor_instance_n14_k2_m118_ell2_eps0.3_kappa0.875_rho0.2.log,schmidhuber_stage2_circuit,14,2,118,2,0.3,0.875,0.2,False,14,0.13559322033898305,0.5,0.0
/Users/julian/CodingProjects/UniT3/QuarticSpeedupK-XOR/z_Daphne/data/final_problem_set/kxor_instance_n14_k2_m118_ell2_eps0.3_kappa0.875_rho0.4.npz,kxor_instance_n14_k2_m118_ell2_eps0.3_kappa0.875_rho0.4,/Users/julian/CodingProjects/UniT3/QuarticSpeedupK-XOR/logs/final_problem_set_quantum_stage2/kxor_instance_n14_k2_m118_ell2_eps0.3_kappa0.875_rho0.4.log,schmidhuber_stage2_circuit,14,2,118,2,0.3,0.875,0.4,False,14,0.06779661016949153,0.21428571428571427,0.5714285714285714
/Users/julian/CodingProjects/UniT3/QuarticSpeedupK-XOR/z_Daphne/data/final_problem_set/kxor_instance_n14_k2_m118_ell2_eps0.3_kappa0.875_rho0.6.npz,kxor_instance_n14_k2_m118_ell2_eps0.3_kappa0.875_rho0.6,/Users/julian/CodingProjects/UniT3/QuarticSpeedupK-XOR/logs/final_problem_set_quantum_stage2/kxor_instance_n14_k2_m118_ell2_eps0.3_kappa0.875_rho0.6.log,schmidhuber_stage2_circuit,14,2,118,2,0.3,0.875,0.6,False,14,0.03389830508474576,0.5,0.0
/Users/julian/CodingProjects/UniT3/QuarticSpeedupK-XOR/z_Daphne/data/final_problem_set/kxor_instance_n14_k2_m118_ell2_eps0.3_kappa0.875_rho0.8.npz,kxor_instance_n14_k2_m118_ell2_eps0.3_kappa0.875_rho0.8,/Users/julian/CodingProjects/UniT3/QuarticSpeedupK-XOR/logs/final_problem_set_quantum_stage2/kxor_instance_n14_k2_m118_ell2_eps0.3_kappa0.875_rho0.8.log,schmidhuber_stage2_circuit,14,2,118,2,0.3,0.875,0.8,False,14,-0.01694915254237288,0.2857142857142857,0.42857142857142855
/Users/julian/CodingProjects/UniT3/QuarticSpeedupK-XOR/z_Daphne/data/final_problem_set/kxor_instance_n14_k2_m118_ell2_eps0.3_kappa0.875_rho1.0.npz,kxor_instance_n14_k2_m118_ell2_eps0.3_kappa0.875_rho1.0,/Users/julian/CodingProjects/UniT3/QuarticSpeedupK-XOR/logs/final_problem_set_quantum_stage2/kxor_instance_n14_k2_m118_ell2_eps0.3_kappa0.875_rho1.0.log,schmidhuber_stage2_circuit,14,2,118,2,0.3,0.875,1.0,False,14,0.7457627118644068,0.07142857142857142,0.8571428571428571
/Users/julian/CodingProjects/UniT3/QuarticSpeedupK-XOR/z_Daphne/data/final_problem_set/kxor_instance_n14_k2_m144_ell2_eps0.25_kappa0.75_rho0.0.npz,kxor_instance_n14_k2_m144_ell2_eps0.25_kappa0.75_rho0.0,/Users/julian/CodingProjects/UniT3/QuarticSpeedupK-XOR/logs/final_problem_set_quantum_stage2/kxor_instance_n14_k2_m144_ell2_eps0.25_kappa0.75_rho0.0.log,schmidhuber_stage2_circuit,14,2,144,2,0.25,0.75,0.0,False,14,0.18055555555555555,,
/Users/julian/CodingProjects/UniT3/QuarticSpeedupK-XOR/z_Daphne/data/final_problem_set/kxor_instance_n14_k2_m144_ell2_eps0.25_kappa0.75_rho0.2.npz,kxor_instance_n14_k2_m144_ell2_eps0.25_kappa0.75_rho0.2,/Users/julian/CodingProjects/UniT3/QuarticSpeedupK-XOR/logs/final_problem_set_quantum_stage2/kxor_instance_n14_k2_m144_ell2_eps0.25_kappa0.75_rho0.2.log,schmidhuber_stage2_circuit,14,2,144,2,0.25,0.75,0.2,False,14,0.3055555555555556,0.07142857142857142,0.8571428571428571
/Users/julian/CodingProjects/UniT3/QuarticSpeedupK-XOR/z_Daphne/data/final_problem_set/kxor_instance_n14_k2_m144_ell2_eps0.25_kappa0.75_rho0.4.npz,kxor_instance_n14_k2_m144_ell2_eps0.25_kappa0.75_rho0.4,/Users/julian/CodingProjects/UniT3/QuarticSpeedupK-XOR/logs/final_problem_set_quantum_stage2/kxor_instance_n14_k2_m144_ell2_eps0.25_kappa0.75_rho0.4.log,schmidhuber_stage2_circuit,14,2,144,2,0.25,0.75,0.4,False,14,0.19444444444444445,0.2857142857142857,0.42857142857142855
/Users/julian/CodingProjects/UniT3/QuarticSpeedupK-XOR/z_Daphne/data/final_problem_set/kxor_instance_n14_k2_m144_ell2_eps0.25_kappa0.75_rho0.6.npz,kxor_instance_n14_k2_m144_ell2_eps0.25_kappa0.75_rho0.6,/Users/julian/CodingProjects/UniT3/QuarticSpeedupK-XOR/logs/final_problem_set_quantum_stage2/kxor_instance_n14_k2_m144_ell2_eps0.25_kappa0.75_rho0.6.log,schmidhuber_stage2_circuit,14,2,144,2,0.25,0.75,0.6,False,14,0.19444444444444445,0.14285714285714285,0.7142857142857143
/Users/julian/CodingProjects/UniT3/QuarticSpeedupK-XOR/z_Daphne/data/final_problem_set/kxor_instance_n14_k2_m144_ell2_eps0.25_kappa0.75_rho0.8.npz,kxor_instance_n14_k2_m144_ell2_eps0.25_kappa0.75_rho0.8,/Users/julian/CodingProjects/UniT3/QuarticSpeedupK-XOR/logs/final_problem_set_quantum_stage2/kxor_instance_n14_k2_m144_ell2_eps0.25_kappa0.75_rho0.8.log,schmidhuber_stage2_circuit,14,2,144,2,0.25,0.75,0.8,False,14,0.8194444444444444,0.0,1.0
/Users/julian/CodingProjects/UniT3/QuarticSpeedupK-XOR/z_Daphne/data/final_problem_set/kxor_instance_n14_k2_m144_ell2_eps0.25_kappa0.75_rho1.0.npz,kxor_instance_n14_k2_m144_ell2_eps0.25_kappa0.75_rho1.0,/Users/julian/CodingProjects/UniT3/QuarticSpeedupK-XOR/logs/final_problem_set_quantum_stage2/kxor_instance_n14_k2_m144_ell2_eps0.25_kappa0.75_rho1.0.log,schmidhuber_stage2_circuit,14,2,144,2,0.25,0.75,1.0,False,14,0.2916666666666667,0.21428571428571427,0.5714285714285714
/Users/julian/CodingProjects/UniT3/QuarticSpeedupK-XOR/z_Daphne/data/final_problem_set/kxor_instance_n14_k2_m93_ell2_eps0.25_kappa1.0_rho0.0.npz,kxor_instance_n14_k2_m93_ell2_eps0.25_kappa1.0_rho0.0,/Users/julian/CodingProjects/UniT3/QuarticSpeedupK-XOR/logs/final_problem_set_quantum_stage2/kxor_instance_n14_k2_m93_ell2_eps0.25_kappa1.0_rho0.0.log,schmidhuber_stage2_circuit,14,2,93,2,0.25,1.0,0.0,False,14,0.13978494623655913,,
/Users/julian/CodingProjects/UniT3/QuarticSpeedupK-XOR/z_Daphne/data/final_problem_set/kxor_instance_n14_k2_m93_ell2_eps0.25_kappa1.0_rho0.2.npz,kxor_instance_n14_k2_m93_ell2_eps0.25_kappa1.0_rho0.2,/Users/julian/CodingProjects/UniT3/QuarticSpeedupK-XOR/logs/final_problem_set_quantum_stage2/kxor_instance_n14_k2_m93_ell2_eps0.25_kappa1.0_rho0.2.log,schmidhuber_stage2_circuit,14,2,93,2,0.25,1.0,0.2,False,14,0.11827956989247312,0.35714285714285715,0.2857142857142857
/Users/julian/CodingProjects/UniT3/QuarticSpeedupK-XOR/z_Daphne/data/final_problem_set/kxor_instance_n14_k2_m93_ell2_eps0.25_kappa1.0_rho0.4.npz,kxor_instance_n14_k2_m93_ell2_eps0.25_kappa1.0_rho0.4,/Users/julian/CodingProjects/UniT3/QuarticSpeedupK-XOR/logs/final_problem_set_quantum_stage2/kxor_instance_n14_k2_m93_ell2_eps0.25_kappa1.0_rho0.4.log,schmidhuber_stage2_circuit,14,2,93,2,0.25,1.0,0.4,False,14,-0.13978494623655913,0.2857142857142857,0.42857142857142855
/Users/julian/CodingProjects/UniT3/QuarticSpeedupK-XOR/z_Daphne/data/final_problem_set/kxor_instance_n14_k2_m93_ell2_eps0.25_kappa1.0_rho0.6.npz,kxor_instance_n14_k2_m93_ell2_eps0.25_kappa1.0_rho0.6,/Users/julian/CodingProjects/UniT3/QuarticSpeedupK-XOR/logs/final_problem_set_quantum_stage2/kxor_instance_n14_k2_m93_ell2_eps0.25_kappa1.0_rho0.6.log,schmidhuber_stage2_circuit,14,2,93,2,0.25,1.0,0.6,False,14,0.26881720430107525,0.21428571428571427,0.5714285714285714
/Users/julian/CodingProjects/UniT3/QuarticSpeedupK-XOR/z_Daphne/data/final_problem_set/kxor_instance_n14_k2_m93_ell2_eps0.25_kappa1.0_rho0.8.npz,kxor_instance_n14_k2_m93_ell2_eps0.25_kappa1.0_rho0.8,/Users/julian/CodingProjects/UniT3/QuarticSpeedupK-XOR/logs/final_problem_set_quantum_stage2/kxor_instance_n14_k2_m93_ell2_eps0.25_kappa1.0_rho0.8.log,schmidhuber_stage2_circuit,14,2,93,2,0.25,1.0,0.8,False,14,0.6774193548387096,0.07142857142857142,0.8571428571428571
/Users/julian/CodingProjects/UniT3/QuarticSpeedupK-XOR/z_Daphne/data/final_problem_set/kxor_instance_n14_k2_m93_ell2_eps0.25_kappa1.0_rho1.0.npz,kxor_instance_n14_k2_m93_ell2_eps0.25_kappa1.0_rho1.0,/Users/julian/CodingProjects/UniT3/QuarticSpeedupK-XOR/logs/final_problem_set_quantum_stage2/kxor_instance_n14_k2_m93_ell2_eps0.25_kappa1.0_rho1.0.log,schmidhuber_stage2_circuit,14,2,93,2,0.25,1.0,1.0,False,14,0.5268817204301075,0.14285714285714285,0.7142857142857143
/Users/julian/CodingProjects/UniT3/QuarticSpeedupK-XOR/z_Daphne/data/final_problem_set/kxor_instance_n14_k2_m97_ell2_eps0.3_kappa1.0_rho0.0.npz,kxor_instance_n14_k2_m97_ell2_eps0.3_kappa1.0_rho0.0,/Users/julian/CodingProjects/UniT3/QuarticSpeedupK-XOR/logs/final_problem_set_quantum_stage2/kxor_instance_n14_k2_m97_ell2_eps0.3_kappa1.0_rho0.0.log,schmidhuber_stage2_circuit,14,2,97,2,0.3,1.0,0.0,False,14,0.05154639175257732,,
/Users/julian/CodingProjects/UniT3/QuarticSpeedupK-XOR/z_Daphne/data/final_problem_set/kxor_instance_n14_k2_m97_ell2_eps0.3_kappa1.0_rho0.2.npz,kxor_instance_n14_k2_m97_ell2_eps0.3_kappa1.0_rho0.2,/Users/julian/CodingProjects/UniT3/QuarticSpeedupK-XOR/logs/final_problem_set_quantum_stage2/kxor_instance_n14_k2_m97_ell2_eps0.3_kappa1.0_rho0.2.log,schmidhuber_stage2_circuit,14,2,97,2,0.3,1.0,0.2,False,14,0.010309278350515464,0.42857142857142855,0.14285714285714285
/Users/julian/CodingProjects/UniT3/QuarticSpeedupK-XOR/z_Daphne/data/final_problem_set/kxor_instance_n14_k2_m97_ell2_eps0.3_kappa1.0_rho0.4.npz,kxor_instance_n14_k2_m97_ell2_eps0.3_kappa1.0_rho0.4,/Users/julian/CodingProjects/UniT3/QuarticSpeedupK-XOR/logs/final_problem_set_quantum_stage2/kxor_instance_n14_k2_m97_ell2_eps0.3_kappa1.0_rho0.4.log,schmidhuber_stage2_circuit,14,2,97,2,0.3,1.0,0.4,False,14,0.5051546391752577,0.0,1.0
/Users/julian/CodingProjects/UniT3/QuarticSpeedupK-XOR/z_Daphne/data/final_problem_set/kxor_instance_n14_k2_m97_ell2_eps0.3_kappa1.0_rho0.6.npz,kxor_instance_n14_k2_m97_ell2_eps0.3_kappa1.0_rho0.6,/Users/julian/CodingProjects/UniT3/QuarticSpeedupK-XOR/logs/final_problem_set_quantum_stage2/kxor_instance_n14_k2_m97_ell2_eps0.3_kappa1.0_rho0.6.log,schmidhuber_stage2_circuit,14,2,97,2,0.3,1.0,0.6,False,14,-0.15463917525773196,0.42857142857142855,0.14285714285714285
/Users/julian/CodingProjects/UniT3/QuarticSpeedupK-XOR/z_Daphne/data/final_problem_set/kxor_instance_n14_k2_m97_ell2_eps0.3_kappa1.0_rho0.8.npz,kxor_instance_n14_k2_m97_ell2_eps0.3_kappa1.0_rho0.8,/Users/julian/CodingProjects/UniT3/QuarticSpeedupK-XOR/logs/final_problem_set_quantum_stage2/kxor_instance_n14_k2_m97_ell2_eps0.3_kappa1.0_rho0.8.log,schmidhuber_stage2_circuit,14,2,97,2,0.3,1.0,0.8,False,14,0.8350515463917526,0.0,1.0
/Users/julian/CodingProjects/UniT3/QuarticSpeedupK-XOR/z_Daphne/data/final_problem_set/kxor_instance_n14_k2_m97_ell2_eps0.3_kappa1.0_rho1.0.npz,kxor_instance_n14_k2_m97_ell2_eps0.3_kappa1.0_rho1.0,/Users/julian/CodingProjects/UniT3/QuarticSpeedupK-XOR/logs/final_problem_set_quantum_stage2/kxor_instance_n14_k2_m97_ell2_eps0.3_kappa1.0_rho1.0.log,schmidhuber_stage2_circuit,14,2,97,2,0.3,1.0,1.0,False,14,-0.15463917525773196,0.2857142857142857,0.42857142857142855
/Users/julian/CodingProjects/UniT3/QuarticSpeedupK-XOR/z_Daphne/data/final_problem_set/kxor_instance_n15_k2_m102_ell2_eps0.25_kappa1.0_rho0.0.npz,kxor_instance_n15_k2_m102_ell2_eps0.25_kappa1.0_rho0.0,/Users/julian/CodingProjects/UniT3/QuarticSpeedupK-XOR/logs/final_problem_set_quantum_stage2/kxor_instance_n15_k2_m102_ell2_eps0.25_kappa1.0_rho0.0.log,schmidhuber_stage2_circuit,15,2,102,2,0.25,1.0,0.0,False,15,-0.1568627450980392,,
/Users/julian/CodingProjects/UniT3/QuarticSpeedupK-XOR/z_Daphne/data/final_problem_set/kxor_instance_n15_k2_m102_ell2_eps0.25_kappa1.0_rho0.2.npz,kxor_instance_n15_k2_m102_ell2_eps0.25_kappa1.0_rho0.2,/Users/julian/CodingProjects/UniT3/QuarticSpeedupK-XOR/logs/final_problem_set_quantum_stage2/kxor_instance_n15_k2_m102_ell2_eps0.25_kappa1.0_rho0.2.log,schmidhuber_stage2_circuit,15,2,102,2,0.25,1.0,0.2,False,15,0.17647058823529413,0.2,0.6
/Users/julian/CodingProjects/UniT3/QuarticSpeedupK-XOR/z_Daphne/data/final_problem_set/kxor_instance_n15_k2_m102_ell2_eps0.25_kappa1.0_rho0.4.npz,kxor_instance_n15_k2_m102_ell2_eps0.25_kappa1.0_rho0.4,/Users/julian/CodingProjects/UniT3/QuarticSpeedupK-XOR/logs/final_problem_set_quantum_stage2/kxor_instance_n15_k2_m102_ell2_eps0.25_kappa1.0_rho0.4.log,schmidhuber_stage2_circuit,15,2,102,2,0.25,1.0,0.4,False,15,0.27450980392156865,0.13333333333333333,0.7333333333333333
/Users/julian/CodingProjects/UniT3/QuarticSpeedupK-XOR/z_Daphne/data/final_problem_set/kxor_instance_n15_k2_m102_ell2_eps0.25_kappa1.0_rho0.6.npz,kxor_instance_n15_k2_m102_ell2_eps0.25_kappa1.0_rho0.6,/Users/julian/CodingProjects/UniT3/QuarticSpeedupK-XOR/logs/final_problem_set_quantum_stage2/kxor_instance_n15_k2_m102_ell2_eps0.25_kappa1.0_rho0.6.log,schmidhuber_stage2_circuit,15,2,102,2,0.25,1.0,0.6,False,15,0.6666666666666666,0.0,1.0
/Users/julian/CodingProjects/UniT3/QuarticSpeedupK-XOR/z_Daphne/data/final_problem_set/kxor_instance_n15_k2_m102_ell2_eps0.25_kappa1.0_rho0.8.npz,kxor_instance_n15_k2_m102_ell2_eps0.25_kappa1.0_rho0.8,/Users/julian/CodingProjects/UniT3/QuarticSpeedupK-XOR/logs/final_problem_set_quantum_stage2/kxor_instance_n15_k2_m102_ell2_eps0.25_kappa1.0_rho0.8.log,schmidhuber_stage2_circuit,15,2,102,2,0.25,1.0,0.8,False,15,0.803921568627451,0.0,1.0
/Users/julian/CodingProjects/UniT3/QuarticSpeedupK-XOR/z_Daphne/data/final_problem_set/kxor_instance_n15_k2_m102_ell2_eps0.25_kappa1.0_rho1.0.npz,kxor_instance_n15_k2_m102_ell2_eps0.25_kappa1.0_rho1.0,/Users/julian/CodingProjects/UniT3/QuarticSpeedupK-XOR/logs/final_problem_set_quantum_stage2/kxor_instance_n15_k2_m102_ell2_eps0.25_kappa1.0_rho1.0.log,schmidhuber_stage2_circuit,15,2,102,2,0.25,1.0,1.0,False,15,1.0,0.0,1.0
/Users/julian/CodingProjects/UniT3/QuarticSpeedupK-XOR/z_Daphne/data/final_problem_set/kxor_instance_n15_k2_m106_ell2_eps0.3_kappa1.0_rho0.0.npz,kxor_instance_n15_k2_m106_ell2_eps0.3_kappa1.0_rho0.0,/Users/julian/CodingProjects/UniT3/QuarticSpeedupK-XOR/logs/final_problem_set_quantum_stage2/kxor_instance_n15_k2_m106_ell2_eps0.3_kappa1.0_rho0.0.log,schmidhuber_stage2_circuit,15,2,106,2,0.3,1.0,0.0,False,15,0.22641509433962265,,
/Users/julian/CodingProjects/UniT3/QuarticSpeedupK-XOR/z_Daphne/data/final_problem_set/kxor_instance_n15_k2_m106_ell2_eps0.3_kappa1.0_rho0.2.npz,kxor_instance_n15_k2_m106_ell2_eps0.3_kappa1.0_rho0.2,/Users/julian/CodingProjects/UniT3/QuarticSpeedupK-XOR/logs/final_problem_set_quantum_stage2/kxor_instance_n15_k2_m106_ell2_eps0.3_kappa1.0_rho0.2.log,schmidhuber_stage2_circuit,15,2,106,2,0.3,1.0,0.2,False,15,0.0,0.3333333333333333,0.3333333333333333
/Users/julian/CodingProjects/UniT3/QuarticSpeedupK-XOR/z_Daphne/data/final_problem_set/kxor_instance_n15_k2_m106_ell2_eps0.3_kappa1.0_rho0.4.npz,kxor_instance_n15_k2_m106_ell2_eps0.3_kappa1.0_rho0.4,/Users/julian/CodingProjects/UniT3/QuarticSpeedupK-XOR/logs/final_problem_set_quantum_stage2/kxor_instance_n15_k2_m106_ell2_eps0.3_kappa1.0_rho0.4.log,schmidhuber_stage2_circuit,15,2,106,2,0.3,1.0,0.4,False,15,-0.018867924528301886,0.4666666666666667,0.06666666666666667
/Users/julian/CodingProjects/UniT3/QuarticSpeedupK-XOR/z_Daphne/data/final_problem_set/kxor_instance_n15_k2_m106_ell2_eps0.3_kappa1.0_rho0.6.npz,kxor_instance_n15_k2_m106_ell2_eps0.3_kappa1.0_rho0.6,/Users/julian/CodingProjects/UniT3/QuarticSpeedupK-XOR/logs/final_problem_set_quantum_stage2/kxor_instance_n15_k2_m106_ell2_eps0.3_kappa1.0_rho0.6.log,schmidhuber_stage2_circuit,15,2,106,2,0.3,1.0,0.6,False,15,0.5094339622641509,0.06666666666666667,0.8666666666666667
/Users/julian/CodingProjects/UniT3/QuarticSpeedupK-XOR/z_Daphne/data/final_problem_set/kxor_instance_n15_k2_m106_ell2_eps0.3_kappa1.0_rho0.8.npz,kxor_instance_n15_k2_m106_ell2_eps0.3_kappa1.0_rho0.8,/Users/julian/CodingProjects/UniT3/QuarticSpeedupK-XOR/logs/final_problem_set_quantum_stage2/kxor_instance_n15_k2_m106_ell2_eps0.3_kappa1.0_rho0.8.log,schmidhuber_stage2_circuit,15,2,106,2,0.3,1.0,0.8,False,15,-0.07547169811320754,0.4,0.2
/Users/julian/CodingProjects/UniT3/QuarticSpeedupK-XOR/z_Daphne/data/final_problem_set/kxor_instance_n15_k2_m106_ell2_eps0.3_kappa1.0_rho1.0.npz,kxor_instance_n15_k2_m106_ell2_eps0.3_kappa1.0_rho1.0,/Users/julian/CodingProjects/UniT3/QuarticSpeedupK-XOR/logs/final_problem_set_quantum_stage2/kxor_instance_n15_k2_m106_ell2_eps0.3_kappa1.0_rho1.0.log,schmidhuber_stage2_circuit,15,2,106,2,0.3,1.0,1.0,False,15,0.18867924528301888,0.2,0.6
/Users/julian/CodingProjects/UniT3/QuarticSpeedupK-XOR/z_Daphne/data/final_problem_set/kxor_instance_n15_k2_m125_ell2_eps0.25_kappa0.875_rho0.0.npz,kxor_instance_n15_k2_m125_ell2_eps0.25_kappa0.875_rho0.0,/Users/julian/CodingProjects/UniT3/QuarticSpeedupK-XOR/logs/final_problem_set_quantum_stage2/kxor_instance_n15_k2_m125_ell2_eps0.25_kappa0.875_rho0.0.log,schmidhuber_stage2_circuit,15,2,125,2,0.25,0.875,0.0,False,15,0.264,,
/Users/julian/CodingProjects/UniT3/QuarticSpeedupK-XOR/z_Daphne/data/final_problem_set/kxor_instance_n15_k2_m125_ell2_eps0.25_kappa0.875_rho0.2.npz,kxor_instance_n15_k2_m125_ell2_eps0.25_kappa0.875_rho0.2,/Users/julian/CodingProjects/UniT3/QuarticSpeedupK-XOR/logs/final_problem_set_quantum_stage2/kxor_instance_n15_k2_m125_ell2_eps0.25_kappa0.875_rho0.2.log,schmidhuber_stage2_circuit,15,2,125,2,0.25,0.875,0.2,False,15,0.024,0.4666666666666667,0.06666666666666667
/Users/julian/CodingProjects/UniT3/QuarticSpeedupK-XOR/z_Daphne/data/final_problem_set/kxor_instance_n15_k2_m125_ell2_eps0.25_kappa0.875_rho0.4.npz,kxor_instance_n15_k2_m125_ell2_eps0.25_kappa0.875_rho0.4,/Users/julian/CodingProjects/UniT3/QuarticSpeedupK-XOR/logs/final_problem_set_quantum_stage2/kxor_instance_n15_k2_m125_ell2_eps0.25_kappa0.875_rho0.4.log,schmidhuber_stage2_circuit,15,2,125,2,0.25,0.875,0.4,False,15,0.072,0.4,0.2
/Users/julian/CodingProjects/UniT3/QuarticSpeedupK-XOR/z_Daphne/data/final_problem_set/kxor_instance_n15_k2_m125_ell2_eps0.25_kappa0.875_rho0.6.npz,kxor_instance_n15_k2_m125_ell2_eps0.25_kappa0.875_rho0.6,/Users/julian/CodingProjects/UniT3/QuarticSpeedupK-XOR/logs/final_problem_set_quantum_stage2/kxor_instance_n15_k2_m125_ell2_eps0.25_kappa0.875_rho0.6.log,schmidhuber_stage2_circuit,15,2,125,2,0.25,0.875,0.6,False,15,0.6,0.0,1.0
/Users/julian/CodingProjects/UniT3/QuarticSpeedupK-XOR/z_Daphne/data/final_problem_set/kxor_instance_n15_k2_m125_ell2_eps0.25_kappa0.875_rho0.8.npz,kxor_instance_n15_k2_m125_ell2_eps0.25_kappa0.875_rho0.8,/Users/julian/CodingProjects/UniT3/QuarticSpeedupK-XOR/logs/final_problem_set_quantum_stage2/kxor_instance_n15_k2_m125_ell2_eps0.25_kappa0.875_rho0.8.log,schmidhuber_stage2_circuit,15,2,125,2,0.25,0.875,0.8,False,15,-0.072,0.3333333333333333,0.3333333333333333
/Users/julian/CodingProjects/UniT3/QuarticSpeedupK-XOR/z_Daphne/data/final_problem_set/kxor_instance_n15_k2_m125_ell2_eps0.25_kappa0.875_rho1.0.npz,kxor_instance_n15_k2_m125_ell2_eps0.25_kappa0.875_rho1.0,/Users/julian/CodingProjects/UniT3/QuarticSpeedupK-XOR/logs/final_problem_set_quantum_stage2/kxor_instance_n15_k2_m125_ell2_eps0.25_kappa0.875_rho1.0.log,schmidhuber_stage2_circuit,15,2,125,2,0.25,0.875,1.0,False,15,-0.088,0.4666666666666667,0.06666666666666667
/Users/julian/CodingProjects/UniT3/QuarticSpeedupK-XOR/z_Daphne/data/final_problem_set/kxor_instance_n15_k2_m130_ell2_eps0.3_kappa0.875_rho0.0.npz,kxor_instance_n15_k2_m130_ell2_eps0.3_kappa0.875_rho0.0,/Users/julian/CodingProjects/UniT3/QuarticSpeedupK-XOR/logs/final_problem_set_quantum_stage2/kxor_instance_n15_k2_m130_ell2_eps0.3_kappa0.875_rho0.0.log,schmidhuber_stage2_circuit,15,2,130,2,0.3,0.875,0.0,False,15,0.23076923076923078,,
/Users/julian/CodingProjects/UniT3/QuarticSpeedupK-XOR/z_Daphne/data/final_problem_set/kxor_instance_n15_k2_m130_ell2_eps0.3_kappa0.875_rho0.2.npz,kxor_instance_n15_k2_m130_ell2_eps0.3_kappa0.875_rho0.2,/Users/julian/CodingProjects/UniT3/QuarticSpeedupK-XOR/logs/final_problem_set_quantum_stage2/kxor_instance_n15_k2_m130_ell2_eps0.3_kappa0.875_rho0.2.log,schmidhuber_stage2_circuit,15,2,130,2,0.3,0.875,0.2,False,15,-0.09230769230769231,0.3333333333333333,0.3333333333333333
/Users/julian/CodingProjects/UniT3/QuarticSpeedupK-XOR/z_Daphne/data/final_problem_set/kxor_instance_n15_k2_m130_ell2_eps0.3_kappa0.875_rho0.4.npz,kxor_instance_n15_k2_m130_ell2_eps0.3_kappa0.875_rho0.4,/Users/julian/CodingProjects/UniT3/QuarticSpeedupK-XOR/logs/final_problem_set_quantum_stage2/kxor_instance_n15_k2_m130_ell2_eps0.3_kappa0.875_rho0.4.log,schmidhuber_stage2_circuit,15,2,130,2,0.3,0.875,0.4,False,15,0.4153846153846154,0.13333333333333333,0.7333333333333333
/Users/julian/CodingProjects/UniT3/QuarticSpeedupK-XOR/z_Daphne/data/final_problem_set/kxor_instance_n15_k2_m130_ell2_eps0.3_kappa0.875_rho0.6.npz,kxor_instance_n15_k2_m130_ell2_eps0.3_kappa0.875_rho0.6,/Users/julian/CodingProjects/UniT3/QuarticSpeedupK-XOR/logs/final_problem_set_quantum_stage2/kxor_instance_n15_k2_m130_ell2_eps0.3_kappa0.875_rho0.6.log,schmidhuber_stage2_circuit,15,2,130,2,0.3,0.875,0.6,False,15,0.18461538461538463,0.4,0.2
/Users/julian/CodingProjects/UniT3/QuarticSpeedupK-XOR/z_Daphne/data/final_problem_set/kxor_instance_n15_k2_m130_ell2_eps0.3_kappa0.875_rho0.8.npz,kxor_instance_n15_k2_m130_ell2_eps0.3_kappa0.875_rho0.8,/Users/julian/CodingProjects/UniT3/QuarticSpeedupK-XOR/logs/final_problem_set_quantum_stage2/kxor_instance_n15_k2_m130_ell2_eps0.3_kappa0.875_rho0.8.log,schmidhuber_stage2_circuit,15,2,130,2,0.3,0.875,0.8,False,15,0.8153846153846154,0.0,1.0
/Users/julian/CodingProjects/UniT3/QuarticSpeedupK-XOR/z_Daphne/data/final_problem_set/kxor_instance_n15_k2_m130_ell2_eps0.3_kappa0.875_rho1.0.npz,kxor_instance_n15_k2_m130_ell2_eps0.3_kappa0.875_rho1.0,/Users/julian/CodingProjects/UniT3/QuarticSpeedupK-XOR/logs/final_problem_set_quantum_stage2/kxor_instance_n15_k2_m130_ell2_eps0.3_kappa0.875_rho1.0.log,schmidhuber_stage2_circuit,15,2,130,2,0.3,0.875,1.0,False,15,0.13846153846153847,0.26666666666666666,0.4666666666666667
/Users/julian/CodingProjects/UniT3/QuarticSpeedupK-XOR/z_Daphne/data/final_problem_set/kxor_instance_n15_k2_m158_ell2_eps0.25_kappa0.75_rho0.0.npz,kxor_instance_n15_k2_m158_ell2_eps0.25_kappa0.75_rho0.0,/Users/julian/CodingProjects/UniT3/QuarticSpeedupK-XOR/logs/final_problem_set_quantum_stage2/kxor_instance_n15_k2_m158_ell2_eps0.25_kappa0.75_rho0.0.log,schmidhuber_stage2_circuit,15,2,158,2,0.25,0.75,0.0,False,15,-0.02531645569620253,,
/Users/julian/CodingProjects/UniT3/QuarticSpeedupK-XOR/z_Daphne/data/final_problem_set/kxor_instance_n15_k2_m158_ell2_eps0.25_kappa0.75_rho0.2.npz,kxor_instance_n15_k2_m158_ell2_eps0.25_kappa0.75_rho0.2,/Users/julian/CodingProjects/UniT3/QuarticSpeedupK-XOR/logs/final_problem_set_quantum_stage2/kxor_instance_n15_k2_m158_ell2_eps0.25_kappa0.75_rho0.2.log,schmidhuber_stage2_circuit,15,2,158,2,0.25,0.75,0.2,False,15,0.27848101265822783,0.4666666666666667,0.06666666666666667
/Users/julian/CodingProjects/UniT3/QuarticSpeedupK-XOR/z_Daphne/data/final_problem_set/kxor_instance_n15_k2_m158_ell2_eps0.25_kappa0.75_rho0.4.npz,kxor_instance_n15_k2_m158_ell2_eps0.25_kappa0.75_rho0.4,/Users/julian/CodingProjects/UniT3/QuarticSpeedupK-XOR/logs/final_problem_set_quantum_stage2/kxor_instance_n15_k2_m158_ell2_eps0.25_kappa0.75_rho0.4.log,schmidhuber_stage2_circuit,15,2,158,2,0.25,0.75,0.4,False,15,-0.12658227848101267,0.4666666666666667,0.06666666666666667
/Users/julian/CodingProjects/UniT3/QuarticSpeedupK-XOR/z_Daphne/data/final_problem_set/kxor_instance_n15_k2_m158_ell2_eps0.25_kappa0.75_rho0.6.npz,kxor_instance_n15_k2_m158_ell2_eps0.25_kappa0.75_rho0.6,/Users/julian/CodingProjects/UniT3/QuarticSpeedupK-XOR/logs/final_problem_set_quantum_stage2/kxor_instance_n15_k2_m158_ell2_eps0.25_kappa0.75_rho0.6.log,schmidhuber_stage2_circuit,15,2,158,2,0.25,0.75,0.6,False,15,-0.12658227848101267,0.4,0.2
/Users/julian/CodingProjects/UniT3/QuarticSpeedupK-XOR/z_Daphne/data/final_problem_set/kxor_instance_n15_k2_m158_ell2_eps0.25_kappa0.75_rho0.8.npz,kxor_instance_n15_k2_m158_ell2_eps0.25_kappa0.75_rho0.8,/Users/julian/CodingProjects/UniT3/QuarticSpeedupK-XOR/logs/final_problem_set_quantum_stage2/kxor_instance_n15_k2_m158_ell2_eps0.25_kappa0.75_rho0.8.log,schmidhuber_stage2_circuit,15,2,158,2,0.25,0.75,0.8,False,15,0.7848101265822784,0.0,1.0
/Users/julian/CodingProjects/UniT3/QuarticSpeedupK-XOR/z_Daphne/data/final_problem_set/kxor_instance_n15_k2_m158_ell2_eps0.25_kappa0.75_rho1.0.npz,kxor_instance_n15_k2_m158_ell2_eps0.25_kappa0.75_rho1.0,/Users/julian/CodingProjects/UniT3/QuarticSpeedupK-XOR/logs/final_problem_set_quantum_stage2/kxor_instance_n15_k2_m158_ell2_eps0.25_kappa0.75_rho1.0.log,schmidhuber_stage2_circuit,15,2,158,2,0.25,0.75,1.0,False,15,1.0,0.0,1.0
/Users/julian/CodingProjects/UniT3/QuarticSpeedupK-XOR/z_Daphne/data/final_problem_set/kxor_instance_n16_k2_m107_ell2_eps0.2_kappa1.0_rho0.0.npz,kxor_instance_n16_k2_m107_ell2_eps0.2_kappa1.0_rho0.0,/Users/julian/CodingProjects/UniT3/QuarticSpeedupK-XOR/logs/final_problem_set_quantum_stage2/kxor_instance_n16_k2_m107_ell2_eps0.2_kappa1.0_rho0.0.log,schmidhuber_stage2_circuit,16,2,107,2,0.2,1.0,0.0,False,16,-0.1588785046728972,,
/Users/julian/CodingProjects/UniT3/QuarticSpeedupK-XOR/z_Daphne/data/final_problem_set/kxor_instance_n16_k2_m107_ell2_eps0.2_kappa1.0_rho0.2.npz,kxor_instance_n16_k2_m107_ell2_eps0.2_kappa1.0_rho0.2,/Users/julian/CodingProjects/UniT3/QuarticSpeedupK-XOR/logs/final_problem_set_quantum_stage2/kxor_instance_n16_k2_m107_ell2_eps0.2_kappa1.0_rho0.2.log,schmidhuber_stage2_circuit,16,2,107,2,0.2,1.0,0.2,False,16,0.38317757009345793,0.0,1.0
/Users/julian/CodingProjects/UniT3/QuarticSpeedupK-XOR/z_Daphne/data/final_problem_set/kxor_instance_n16_k2_m107_ell2_eps0.2_kappa1.0_rho0.4.npz,kxor_instance_n16_k2_m107_ell2_eps0.2_kappa1.0_rho0.4,/Users/julian/CodingProjects/UniT3/QuarticSpeedupK-XOR/logs/final_problem_set_quantum_stage2/kxor_instance_n16_k2_m107_ell2_eps0.2_kappa1.0_rho0.4.log,schmidhuber_stage2_circuit,16,2,107,2,0.2,1.0,0.4,False,16,0.38317757009345793,0.0625,0.875
/Users/julian/CodingProjects/UniT3/QuarticSpeedupK-XOR/z_Daphne/data/final_problem_set/kxor_instance_n16_k2_m107_ell2_eps0.2_kappa1.0_rho0.6.npz,kxor_instance_n16_k2_m107_ell2_eps0.2_kappa1.0_rho0.6,/Users/julian/CodingProjects/UniT3/QuarticSpeedupK-XOR/logs/final_problem_set_quantum_stage2/kxor_instance_n16_k2_m107_ell2_eps0.2_kappa1.0_rho0.6.log,schmidhuber_stage2_circuit,16,2,107,2,0.2,1.0,0.6,False,16,0.38317757009345793,0.25,0.5
/Users/julian/CodingProjects/UniT3/QuarticSpeedupK-XOR/z_Daphne/data/final_problem_set/kxor_instance_n16_k2_m107_ell2_eps0.2_kappa1.0_rho0.8.npz,kxor_instance_n16_k2_m107_ell2_eps0.2_kappa1.0_rho0.8,/Users/julian/CodingProjects/UniT3/QuarticSpeedupK-XOR/logs/final_problem_set_quantum_stage2/kxor_instance_n16_k2_m107_ell2_eps0.2_kappa1.0_rho0.8.log,schmidhuber_stage2_circuit,16,2,107,2,0.2,1.0,0.8,False,16,0.8878504672897196,0.0,1.0
/Users/julian/CodingProjects/UniT3/QuarticSpeedupK-XOR/z_Daphne/data/final_problem_set/kxor_instance_n16_k2_m107_ell2_eps0.2_kappa1.0_rho1.0.npz,kxor_instance_n16_k2_m107_ell2_eps0.2_kappa1.0_rho1.0,/Users/julian/CodingProjects/UniT3/QuarticSpeedupK-XOR/logs/final_problem_set_quantum_stage2/kxor_instance_n16_k2_m107_ell2_eps0.2_kappa1.0_rho1.0.log,schmidhuber_stage2_circuit,16,2,107,2,0.2,1.0,1.0,False,16,-0.009345794392523364,0.375,0.25
/Users/julian/CodingProjects/UniT3/QuarticSpeedupK-XOR/z_Daphne/data/final_problem_set/kxor_instance_n16_k2_m111_ell2_eps0.25_kappa1.0_rho0.0.npz,kxor_instance_n16_k2_m111_ell2_eps0.25_kappa1.0_rho0.0,/Users/julian/CodingProjects/UniT3/QuarticSpeedupK-XOR/logs/final_problem_set_quantum_stage2/kxor_instance_n16_k2_m111_ell2_eps0.25_kappa1.0_rho0.0.log,schmidhuber_stage2_circuit,16,2,111,2,0.25,1.0,0.0,False,16,0.06306306306306306,,
/Users/julian/CodingProjects/UniT3/QuarticSpeedupK-XOR/z_Daphne/data/final_problem_set/kxor_instance_n16_k2_m111_ell2_eps0.25_kappa1.0_rho0.2.npz,kxor_instance_n16_k2_m111_ell2_eps0.25_kappa1.0_rho0.2,/Users/julian/CodingProjects/UniT3/QuarticSpeedupK-XOR/logs/final_problem_set_quantum_stage2/kxor_instance_n16_k2_m111_ell2_eps0.25_kappa1.0_rho0.2.log,schmidhuber_stage2_circuit,16,2,111,2,0.25,1.0,0.2,False,16,0.2072072072072072,0.4375,0.125
/Users/julian/CodingProjects/UniT3/QuarticSpeedupK-XOR/z_Daphne/data/final_problem_set/kxor_instance_n16_k2_m111_ell2_eps0.25_kappa1.0_rho0.4.npz,kxor_instance_n16_k2_m111_ell2_eps0.25_kappa1.0_rho0.4,/Users/julian/CodingProjects/UniT3/QuarticSpeedupK-XOR/logs/final_problem_set_quantum_stage2/kxor_instance_n16_k2_m111_ell2_eps0.25_kappa1.0_rho0.4.log,schmidhuber_stage2_circuit,16,2,111,2,0.25,1.0,0.4,False,16,0.36936936936936937,0.125,0.75
/Users/julian/CodingProjects/UniT3/QuarticSpeedupK-XOR/z_Daphne/data/final_problem_set/kxor_instance_n16_k2_m111_ell2_eps0.25_kappa1.0_rho0.6.npz,kxor_instance_n16_k2_m111_ell2_eps0.25_kappa1.0_rho0.6,/Users/julian/CodingProjects/UniT3/QuarticSpeedupK-XOR/logs/final_problem_set_quantum_stage2/kxor_instance_n16_k2_m111_ell2_eps0.25_kappa1.0_rho0.6.log,schmidhuber_stage2_circuit,16,2,111,2,0.25,1.0,0.6,False,16,-0.08108108108108109,0.4375,0.125
/Users/julian/CodingProjects/UniT3/QuarticSpeedupK-XOR/z_Daphne/data/final_problem_set/kxor_instance_n16_k2_m111_ell2_eps0.25_kappa1.0_rho0.8.npz,kxor_instance_n16_k2_m111_ell2_eps0.25_kappa1.0_rho0.8,/Users/julian/CodingProjects/UniT3/QuarticSpeedupK-XOR/logs/final_problem_set_quantum_stage2/kxor_instance_n16_k2_m111_ell2_eps0.25_kappa1.0_rho0.8.log,schmidhuber_stage2_circuit,16,2,111,2,0.25,1.0,0.8,False,16,0.8198198198198198,0.0,1.0
/Users/julian/CodingProjects/UniT3/QuarticSpeedupK-XOR/z_Daphne/data/final_problem_set/kxor_instance_n16_k2_m111_ell2_eps0.25_kappa1.0_rho1.0.npz,kxor_instance_n16_k2_m111_ell2_eps0.25_kappa1.0_rho1.0,/Users/julian/CodingProjects/UniT3/QuarticSpeedupK-XOR/logs/final_problem_set_quantum_stage2/kxor_instance_n16_k2_m111_ell2_eps0.25_kappa1.0_rho1.0.log,schmidhuber_stage2_circuit,16,2,111,2,0.25,1.0,1.0,False,16,1.0,0.0,1.0
/Users/julian/CodingProjects/UniT3/QuarticSpeedupK-XOR/z_Daphne/data/final_problem_set/kxor_instance_n16_k2_m116_ell2_eps0.3_kappa1.0_rho0.0.npz,kxor_instance_n16_k2_m116_ell2_eps0.3_kappa1.0_rho0.0,/Users/julian/CodingProjects/UniT3/QuarticSpeedupK-XOR/logs/final_problem_set_quantum_stage2/kxor_instance_n16_k2_m116_ell2_eps0.3_kappa1.0_rho0.0.log,schmidhuber_stage2_circuit,16,2,116,2,0.3,1.0,0.0,False,16,0.10344827586206896,,
/Users/julian/CodingProjects/UniT3/QuarticSpeedupK-XOR/z_Daphne/data/final_problem_set/kxor_instance_n16_k2_m116_ell2_eps0.3_kappa1.0_rho0.2.npz,kxor_instance_n16_k2_m116_ell2_eps0.3_kappa1.0_rho0.2,/Users/julian/CodingProjects/UniT3/QuarticSpeedupK-XOR/logs/final_problem_set_quantum_stage2/kxor_instance_n16_k2_m116_ell2_eps0.3_kappa1.0_rho0.2.log,schmidhuber_stage2_circuit,16,2,116,2,0.3,1.0,0.2,False,16,0.22413793103448276,0.5,0.0
/Users/julian/CodingProjects/UniT3/QuarticSpeedupK-XOR/z_Daphne/data/final_problem_set/kxor_instance_n16_k2_m116_ell2_eps0.3_kappa1.0_rho0.4.npz,kxor_instance_n16_k2_m116_ell2_eps0.3_kappa1.0_rho0.4,/Users/julian/CodingProjects/UniT3/QuarticSpeedupK-XOR/logs/final_problem_set_quantum_stage2/kxor_instance_n16_k2_m116_ell2_eps0.3_kappa1.0_rho0.4.log,schmidhuber_stage2_circuit,16,2,116,2,0.3,1.0,0.4,False,16,0.2413793103448276,0.1875,0.625
/Users/julian/CodingProjects/UniT3/QuarticSpeedupK-XOR/z_Daphne/data/final_problem_set/kxor_instance_n16_k2_m116_ell2_eps0.3_kappa1.0_rho0.6.npz,kxor_instance_n16_k2_m116_ell2_eps0.3_kappa1.0_rho0.6,/Users/julian/CodingProjects/UniT3/QuarticSpeedupK-XOR/logs/final_problem_set_quantum_stage2/kxor_instance_n16_k2_m116_ell2_eps0.3_kappa1.0_rho0.6.log,schmidhuber_stage2_circuit,16,2,116,2,0.3,1.0,0.6,False,16,0.20689655172413793,0.5,0.0
/Users/julian/CodingProjects/UniT3/QuarticSpeedupK-XOR/z_Daphne/data/final_problem_set/kxor_instance_n16_k2_m116_ell2_eps0.3_kappa1.0_rho0.8.npz,kxor_instance_n16_k2_m116_ell2_eps0.3_kappa1.0_rho0.8,/Users/julian/CodingProjects/UniT3/QuarticSpeedupK-XOR/logs/final_problem_set_quantum_stage2/kxor_instance_n16_k2_m116_ell2_eps0.3_kappa1.0_rho0.8.log,schmidhuber_stage2_circuit,16,2,116,2,0.3,1.0,0.8,False,16,0.7931034482758621,0.0,1.0
/Users/julian/CodingProjects/UniT3/QuarticSpeedupK-XOR/z_Daphne/data/final_problem_set/kxor_instance_n16_k2_m116_ell2_eps0.3_kappa1.0_rho1.0.npz,kxor_instance_n16_k2_m116_ell2_eps0.3_kappa1.0_rho1.0,/Users/julian/CodingProjects/UniT3/QuarticSpeedupK-XOR/logs/final_problem_set_quantum_stage2/kxor_instance_n16_k2_m116_ell2_eps0.3_kappa1.0_rho1.0.log,schmidhuber_stage2_circuit,16,2,116,2,0.3,1.0,1.0,False,16,1.0,0.0,1.0
/Users/julian/CodingProjects/UniT3/QuarticSpeedupK-XOR/z_Daphne/data/final_problem_set/kxor_instance_n16_k2_m131_ell2_eps0.2_kappa0.875_rho0.0.npz,kxor_instance_n16_k2_m131_ell2_eps0.2_kappa0.875_rho0.0,/Users/julian/CodingProjects/UniT3/QuarticSpeedupK-XOR/logs/final_problem_set_quantum_stage2/kxor_instance_n16_k2_m131_ell2_eps0.2_kappa0.875_rho0.0.log,schmidhuber_stage2_circuit,16,2,131,2,0.2,0.875,0.0,False,16,0.11450381679389313,,
/Users/julian/CodingProjects/UniT3/QuarticSpeedupK-XOR/z_Daphne/data/final_problem_set/kxor_instance_n16_k2_m131_ell2_eps0.2_kappa0.875_rho0.2.npz,kxor_instance_n16_k2_m131_ell2_eps0.2_kappa0.875_rho0.2,/Users/julian/CodingProjects/UniT3/QuarticSpeedupK-XOR/logs/final_problem_set_quantum_stage2/kxor_instance_n16_k2_m131_ell2_eps0.2_kappa0.875_rho0.2.log,schmidhuber_stage2_circuit,16,2,131,2,0.2,0.875,0.2,False,16,0.29770992366412213,0.25,0.5
/Users/julian/CodingProjects/UniT3/QuarticSpeedupK-XOR/z_Daphne/data/final_problem_set/kxor_instance_n16_k2_m131_ell2_eps0.2_kappa0.875_rho0.4.npz,kxor_instance_n16_k2_m131_ell2_eps0.2_kappa0.875_rho0.4,/Users/julian/CodingProjects/UniT3/QuarticSpeedupK-XOR/logs/final_problem_set_quantum_stage2/kxor_instance_n16_k2_m131_ell2_eps0.2_kappa0.875_rho0.4.log,schmidhuber_stage2_circuit,16,2,131,2,0.2,0.875,0.4,False,16,-0.08396946564885496,0.4375,0.125
/Users/julian/CodingProjects/UniT3/QuarticSpeedupK-XOR/z_Daphne/data/final_problem_set/kxor_instance_n16_k2_m131_ell2_eps0.2_kappa0.875_rho0.6.npz,kxor_instance_n16_k2_m131_ell2_eps0.2_kappa0.875_rho0.6,/Users/julian/CodingProjects/UniT3/QuarticSpeedupK-XOR/logs/final_problem_set_quantum_stage2/kxor_instance_n16_k2_m131_ell2_eps0.2_kappa0.875_rho0.6.log,schmidhuber_stage2_circuit,16,2,131,2,0.2,0.875,0.6,False,16,-0.007633587786259542,0.375,0.25
/Users/julian/CodingProjects/UniT3/QuarticSpeedupK-XOR/z_Daphne/data/final_problem_set/kxor_instance_n16_k2_m131_ell2_eps0.2_kappa0.875_rho0.8.npz,kxor_instance_n16_k2_m131_ell2_eps0.2_kappa0.875_rho0.8,/Users/julian/CodingProjects/UniT3/QuarticSpeedupK-XOR/logs/final_problem_set_quantum_stage2/kxor_instance_n16_k2_m131_ell2_eps0.2_kappa0.875_rho0.8.log,schmidhuber_stage2_circuit,16,2,131,2,0.2,0.875,0.8,False,16,0.7099236641221374,0.0625,0.875
/Users/julian/CodingProjects/UniT3/QuarticSpeedupK-XOR/z_Daphne/data/final_problem_set/kxor_instance_n16_k2_m131_ell2_eps0.2_kappa0.875_rho1.0.npz,kxor_instance_n16_k2_m131_ell2_eps0.2_kappa0.875_rho1.0,/Users/julian/CodingProjects/UniT3/QuarticSpeedupK-XOR/logs/final_problem_set_quantum_stage2/kxor_instance_n16_k2_m131_ell2_eps0.2_kappa0.875_rho1.0.log,schmidhuber_stage2_circuit,16,2,131,2,0.2,0.875,1.0,False,16,0.6183206106870229,0.125,0.75
/Users/julian/CodingProjects/UniT3/QuarticSpeedupK-XOR/z_Daphne/data/final_problem_set/kxor_instance_n16_k2_m136_ell2_eps0.25_kappa0.875_rho0.0.npz,kxor_instance_n16_k2_m136_ell2_eps0.25_kappa0.875_rho0.0,/Users/julian/CodingProjects/UniT3/QuarticSpeedupK-XOR/logs/final_problem_set_quantum_stage2/kxor_instance_n16_k2_m136_ell2_eps0.25_kappa0.875_rho0.0.log,schmidhuber_stage2_circuit,16,2,136,2,0.25,0.875,0.0,False,16,0.19117647058823528,,
/Users/julian/CodingProjects/UniT3/QuarticSpeedupK-XOR/z_Daphne/data/final_problem_set/kxor_instance_n16_k2_m136_ell2_eps0.25_kappa0.875_rho0.2.npz,kxor_instance_n16_k2_m136_ell2_eps0.25_kappa0.875_rho0.2,/Users/julian/CodingProjects/UniT3/QuarticSpeedupK-XOR/logs/final_problem_set_quantum_stage2/kxor_instance_n16_k2_m136_ell2_eps0.25_kappa0.875_rho0.2.log,schmidhuber_stage2_circuit,16,2,136,2,0.25,0.875,0.2,False,16,0.08823529411764706,0.5,0.0
/Users/julian/CodingProjects/UniT3/QuarticSpeedupK-XOR/z_Daphne/data/final_problem_set/kxor_instance_n16_k2_m136_ell2_eps0.25_kappa0.875_rho0.4.npz,kxor_instance_n16_k2_m136_ell2_eps0.25_kappa0.875_rho0.4,/Users/julian/CodingProjects/UniT3/QuarticSpeedupK-XOR/logs/final_problem_set_quantum_stage2/kxor_instance_n16_k2_m136_ell2_eps0.25_kappa0.875_rho0.4.log,schmidhuber_stage2_circuit,16,2,136,2,0.25,0.875,0.4,False,16,0.1323529411764706,0.25,0.5
/Users/julian/CodingProjects/UniT3/QuarticSpeedupK-XOR/z_Daphne/data/final_problem_set/kxor_instance_n16_k2_m136_ell2_eps0.25_kappa0.875_rho0.6.npz,kxor_instance_n16_k2_m136_ell2_eps0.25_kappa0.875_rho0.6,/Users/julian/CodingProjects/UniT3/QuarticSpeedupK-XOR/logs/final_problem_set_quantum_stage2/kxor_instance_n16_k2_m136_ell2_eps0.25_kappa0.875_rho0.6.log,schmidhuber_stage2_circuit,16,2,136,2,0.25,0.875,0.6,False,16,-0.08823529411764706,0.5,0.0
/Users/julian/CodingProjects/UniT3/QuarticSpeedupK-XOR/z_Daphne/data/final_problem_set/kxor_instance_n16_k2_m136_ell2_eps0.25_kappa0.875_rho0.8.npz,kxor_instance_n16_k2_m136_ell2_eps0.25_kappa0.875_rho0.8,/Users/julian/CodingProjects/UniT3/QuarticSpeedupK-XOR/logs/final_problem_set_quantum_stage2/kxor_instance_n16_k2_m136_ell2_eps0.25_kappa0.875_rho0.8.log,schmidhuber_stage2_circuit,16,2,136,2,0.25,0.875,0.8,False,16,0.8088235294117647,0.0,1.0
/Users/julian/CodingProjects/UniT3/QuarticSpeedupK-XOR/z_Daphne/data/final_problem_set/kxor_instance_n16_k2_m136_ell2_eps0.25_kappa0.875_rho1.0.npz,kxor_instance_n16_k2_m136_ell2_eps0.25_kappa0.875_rho1.0,/Users/julian/CodingProjects/UniT3/QuarticSpeedupK-XOR/logs/final_problem_set_quantum_stage2/kxor_instance_n16_k2_m136_ell2_eps0.25_kappa0.875_rho1.0.log,schmidhuber_stage2_circuit,16,2,136,2,0.25,0.875,1.0,False,16,0.6029411764705882,0.125,0.75
/Users/julian/CodingProjects/UniT3/QuarticSpeedupK-XOR/z_Daphne/data/final_problem_set/kxor_instance_n16_k2_m142_ell2_eps0.3_kappa0.875_rho0.0.npz,kxor_instance_n16_k2_m142_ell2_eps0.3_kappa0.875_rho0.0,/Users/julian/CodingProjects/UniT3/QuarticSpeedupK-XOR/logs/final_problem_set_quantum_stage2/kxor_instance_n16_k2_m142_ell2_eps0.3_kappa0.875_rho0.0.log,schmidhuber_stage2_circuit,16,2,142,2,0.3,0.875,0.0,False,16,0.028169014084507043,,
/Users/julian/CodingProjects/UniT3/QuarticSpeedupK-XOR/z_Daphne/data/final_problem_set/kxor_instance_n16_k2_m142_ell2_eps0.3_kappa0.875_rho0.2.npz,kxor_instance_n16_k2_m142_ell2_eps0.3_kappa0.875_rho0.2,/Users/julian/CodingProjects/UniT3/QuarticSpeedupK-XOR/logs/final_problem_set_quantum_stage2/kxor_instance_n16_k2_m142_ell2_eps0.3_kappa0.875_rho0.2.log,schmidhuber_stage2_circuit,16,2,142,2,0.3,0.875,0.2,False,16,0.23943661971830985,0.5,0.0
/Users/julian/CodingProjects/UniT3/QuarticSpeedupK-XOR/z_Daphne/data/final_problem_set/kxor_instance_n16_k2_m142_ell2_eps0.3_kappa0.875_rho0.4.npz,kxor_instance_n16_k2_m142_ell2_eps0.3_kappa0.875_rho0.4,/Users/julian/CodingProjects/UniT3/QuarticSpeedupK-XOR/logs/final_problem_set_quantum_stage2/kxor_instance_n16_k2_m142_ell2_eps0.3_kappa0.875_rho0.4.log,schmidhuber_stage2_circuit,16,2,142,2,0.3,0.875,0.4,False,16,0.04225352112676056,0.4375,0.125
/Users/julian/CodingProjects/UniT3/QuarticSpeedupK-XOR/z_Daphne/data/final_problem_set/kxor_instance_n16_k2_m142_ell2_eps0.3_kappa0.875_rho0.6.npz,kxor_instance_n16_k2_m142_ell2_eps0.3_kappa0.875_rho0.6,/Users/julian/CodingProjects/UniT3/QuarticSpeedupK-XOR/logs/final_problem_set_quantum_stage2/kxor_instance_n16_k2_m142_ell2_eps0.3_kappa0.875_rho0.6.log,schmidhuber_stage2_circuit,16,2,142,2,0.3,0.875,0.6,False,16,0.09859154929577464,0.25,0.5
/Users/julian/CodingProjects/UniT3/QuarticSpeedupK-XOR/z_Daphne/data/final_problem_set/kxor_instance_n16_k2_m142_ell2_eps0.3_kappa0.875_rho0.8.npz,kxor_instance_n16_k2_m142_ell2_eps0.3_kappa0.875_rho0.8,/Users/julian/CodingProjects/UniT3/QuarticSpeedupK-XOR/logs/final_problem_set_quantum_stage2/kxor_instance_n16_k2_m142_ell2_eps0.3_kappa0.875_rho0.8.log,schmidhuber_stage2_circuit,16,2,142,2,0.3,0.875,0.8,False,16,-0.04225352112676056,0.4375,0.125
/Users/julian/CodingProjects/UniT3/QuarticSpeedupK-XOR/z_Daphne/data/final_problem_set/kxor_instance_n16_k2_m142_ell2_eps0.3_kappa0.875_rho1.0.npz,kxor_instance_n16_k2_m142_ell2_eps0.3_kappa0.875_rho1.0,/Users/julian/CodingProjects/UniT3/QuarticSpeedupK-XOR/logs/final_problem_set_quantum_stage2/kxor_instance_n16_k2_m142_ell2_eps0.3_kappa0.875_rho1.0.log,schmidhuber_stage2_circuit,16,2,142,2,0.3,0.875,1.0,False,16,1.0,0.0,1.0
/Users/julian/CodingProjects/UniT3/QuarticSpeedupK-XOR/z_Daphne/data/final_problem_set/kxor_instance_n16_k2_m166_ell2_eps0.2_kappa0.75_rho0.0.npz,kxor_instance_n16_k2_m166_ell2_eps0.2_kappa0.75_rho0.0,/Users/julian/CodingProjects/UniT3/QuarticSpeedupK-XOR/logs/final_problem_set_quantum_stage2/kxor_instance_n16_k2_m166_ell2_eps0.2_kappa0.75_rho0.0.log,schmidhuber_stage2_circuit,16,2,166,2,0.2,0.75,0.0,False,16,0.21686746987951808,,
/Users/julian/CodingProjects/UniT3/QuarticSpeedupK-XOR/z_Daphne/data/final_problem_set/kxor_instance_n16_k2_m166_ell2_eps0.2_kappa0.75_rho0.2.npz,kxor_instance_n16_k2_m166_ell2_eps0.2_kappa0.75_rho0.2,/Users/julian/CodingProjects/UniT3/QuarticSpeedupK-XOR/logs/final_problem_set_quantum_stage2/kxor_instance_n16_k2_m166_ell2_eps0.2_kappa0.75_rho0.2.log,schmidhuber_stage2_circuit,16,2,166,2,0.2,0.75,0.2,False,16,0.2289156626506024,0.3125,0.375
/Users/julian/CodingProjects/UniT3/QuarticSpeedupK-XOR/z_Daphne/data/final_problem_set/kxor_instance_n16_k2_m166_ell2_eps0.2_kappa0.75_rho0.4.npz,kxor_instance_n16_k2_m166_ell2_eps0.2_kappa0.75_rho0.4,/Users/julian/CodingProjects/UniT3/QuarticSpeedupK-XOR/logs/final_problem_set_quantum_stage2/kxor_instance_n16_k2_m166_ell2_eps0.2_kappa0.75_rho0.4.log,schmidhuber_stage2_circuit,16,2,166,2,0.2,0.75,0.4,False,16,0.024096385542168676,0.3125,0.375
/Users/julian/CodingProjects/UniT3/QuarticSpeedupK-XOR/z_Daphne/data/final_problem_set/kxor_instance_n16_k2_m166_ell2_eps0.2_kappa0.75_rho0.6.npz,kxor_instance_n16_k2_m166_ell2_eps0.2_kappa0.75_rho0.6,/Users/julian/CodingProjects/UniT3/QuarticSpeedupK-XOR/logs/final_problem_set_quantum_stage2/kxor_instance_n16_k2_m166_ell2_eps0.2_kappa0.75_rho0.6.log,schmidhuber_stage2_circuit,16,2,166,2,0.2,0.75,0.6,False,16,-0.024096385542168676,0.5,0.0
/Users/julian/CodingProjects/UniT3/QuarticSpeedupK-XOR/z_Daphne/data/final_problem_set/kxor_instance_n16_k2_m166_ell2_eps0.2_kappa0.75_rho0.8.npz,kxor_instance_n16_k2_m166_ell2_eps0.2_kappa0.75_rho0.8,/Users/julian/CodingProjects/UniT3/QuarticSpeedupK-XOR/logs/final_problem_set_quantum_stage2/kxor_instance_n16_k2_m166_ell2_eps0.2_kappa0.75_rho0.8.log,schmidhuber_stage2_circuit,16,2,166,2,0.2,0.75,0.8,False,16,0.07228915662650602,0.25,0.5
/Users/julian/CodingProjects/UniT3/QuarticSpeedupK-XOR/z_Daphne/data/final_problem_set/kxor_instance_n16_k2_m166_ell2_eps0.2_kappa0.75_rho1.0.npz,kxor_instance_n16_k2_m166_ell2_eps0.2_kappa0.75_rho1.0,/Users/julian/CodingProjects/UniT3/QuarticSpeedupK-XOR/logs/final_problem_set_quantum_stage2/kxor_instance_n16_k2_m166_ell2_eps0.2_kappa0.75_rho1.0.log,schmidhuber_stage2_circuit,16,2,166,2,0.2,0.75,1.0,False,16,0.3132530120481928,0.1875,0.625
/Users/julian/CodingProjects/UniT3/QuarticSpeedupK-XOR/z_Daphne/data/final_problem_set/kxor_instance_n16_k2_m173_ell2_eps0.25_kappa0.75_rho0.0.npz,kxor_instance_n16_k2_m173_ell2_eps0.25_kappa0.75_rho0.0,/Users/julian/CodingProjects/UniT3/QuarticSpeedupK-XOR/logs/final_problem_set_quantum_stage2/kxor_instance_n16_k2_m173_ell2_eps0.25_kappa0.75_rho0.0.log,schmidhuber_stage2_circuit,16,2,173,2,0.25,0.75,0.0,False,16,0.1676300578034682,,
/Users/julian/CodingProjects/UniT3/QuarticSpeedupK-XOR/z_Daphne/data/final_problem_set/kxor_instance_n16_k2_m173_ell2_eps0.25_kappa0.75_rho0.2.npz,kxor_instance_n16_k2_m173_ell2_eps0.25_kappa0.75_rho0.2,/Users/julian/CodingProjects/UniT3/QuarticSpeedupK-XOR/logs/final_problem_set_quantum_stage2/kxor_instance_n16_k2_m173_ell2_eps0.25_kappa0.75_rho0.2.log,schmidhuber_stage2_circuit,16,2,173,2,0.25,0.75,0.2,False,16,0.005780346820809248,0.4375,0.125
/Users/julian/CodingProjects/UniT3/QuarticSpeedupK-XOR/z_Daphne/data/final_problem_set/kxor_instance_n16_k2_m173_ell2_eps0.25_kappa0.75_rho0.4.npz,kxor_instance_n16_k2_m173_ell2_eps0.25_kappa0.75_rho0.4,/Users/julian/CodingProjects/UniT3/QuarticSpeedupK-XOR/logs/final_problem_set_quantum_stage2/kxor_instance_n16_k2_m173_ell2_eps0.25_kappa0.75_rho0.4.log,schmidhuber_stage2_circuit,16,2,173,2,0.25,0.75,0.4,False,16,-0.04046242774566474,0.4375,0.125
/Users/julian/CodingProjects/UniT3/QuarticSpeedupK-XOR/z_Daphne/data/final_problem_set/kxor_instance_n16_k2_m173_ell2_eps0.25_kappa0.75_rho0.6.npz,kxor_instance_n16_k2_m173_ell2_eps0.25_kappa0.75_rho0.6,/Users/julian/CodingProjects/UniT3/QuarticSpeedupK-XOR/logs/final_problem_set_quantum_stage2/kxor_instance_n16_k2_m173_ell2_eps0.25_kappa0.75_rho0.6.log,schmidhuber_stage2_circuit,16,2,173,2,0.25,0.75,0.6,False,16,0.42196531791907516,0.0625,0.875
/Users/julian/CodingProjects/UniT3/QuarticSpeedupK-XOR/z_Daphne/data/final_problem_set/kxor_instance_n16_k2_m173_ell2_eps0.25_kappa0.75_rho0.8.npz,kxor_instance_n16_k2_m173_ell2_eps0.25_kappa0.75_rho0.8,/Users/julian/CodingProjects/UniT3/QuarticSpeedupK-XOR/logs/final_problem_set_quantum_stage2/kxor_instance_n16_k2_m173_ell2_eps0.25_kappa0.75_rho0.8.log,schmidhuber_stage2_circuit,16,2,173,2,0.25,0.75,0.8,False,16,0.37572254335260113,0.25,0.5
/Users/julian/CodingProjects/UniT3/QuarticSpeedupK-XOR/z_Daphne/data/final_problem_set/kxor_instance_n16_k2_m173_ell2_eps0.25_kappa0.75_rho1.0.npz,kxor_instance_n16_k2_m173_ell2_eps0.25_kappa0.75_rho1.0,/Users/julian/CodingProjects/UniT3/QuarticSpeedupK-XOR/logs/final_problem_set_quantum_stage2/kxor_instance_n16_k2_m173_ell2_eps0.25_kappa0.75_rho1.0.log,schmidhuber_stage2_circuit,16,2,173,2,0.25,0.75,1.0,False,16,0.7572254335260116,0.0625,0.875
/Users/julian/CodingProjects/UniT3/QuarticSpeedupK-XOR/z_Daphne/data/final_problem_set/kxor_instance_n16_k2_m222_ell2_eps0.2_kappa0.625_rho0.0.npz,kxor_instance_n16_k2_m222_ell2_eps0.2_kappa0.625_rho0.0,/Users/julian/CodingProjects/UniT3/QuarticSpeedupK-XOR/logs/final_problem_set_quantum_stage2/kxor_instance_n16_k2_m222_ell2_eps0.2_kappa0.625_rho0.0.log,schmidhuber_stage2_circuit,16,2,222,2,0.2,0.625,0.0,False,16,0.09009009009009009,,
/Users/julian/CodingProjects/UniT3/QuarticSpeedupK-XOR/z_Daphne/data/final_problem_set/kxor_instance_n16_k2_m222_ell2_eps0.2_kappa0.625_rho0.2.npz,kxor_instance_n16_k2_m222_ell2_eps0.2_kappa0.625_rho0.2,/Users/julian/CodingProjects/UniT3/QuarticSpeedupK-XOR/logs/final_problem_set_quantum_stage2/kxor_instance_n16_k2_m222_ell2_eps0.2_kappa0.625_rho0.2.log,schmidhuber_stage2_circuit,16,2,222,2,0.2,0.625,0.2,False,16,0.14414414414414414,0.4375,0.125
/Users/julian/CodingProjects/UniT3/QuarticSpeedupK-XOR/z_Daphne/data/final_problem_set/kxor_instance_n16_k2_m222_ell2_eps0.2_kappa0.625_rho0.4.npz,kxor_instance_n16_k2_m222_ell2_eps0.2_kappa0.625_rho0.4,/Users/julian/CodingProjects/UniT3/QuarticSpeedupK-XOR/logs/final_problem_set_quantum_stage2/kxor_instance_n16_k2_m222_ell2_eps0.2_kappa0.625_rho0.4.log,schmidhuber_stage2_circuit,16,2,222,2,0.2,0.625,0.4,False,16,0.16216216216216217,0.4375,0.125
/Users/julian/CodingProjects/UniT3/QuarticSpeedupK-XOR/z_Daphne/data/final_problem_set/kxor_instance_n16_k2_m222_ell2_eps0.2_kappa0.625_rho0.6.npz,kxor_instance_n16_k2_m222_ell2_eps0.2_kappa0.625_rho0.6,/Users/julian/CodingProjects/UniT3/QuarticSpeedupK-XOR/logs/final_problem_set_quantum_stage2/kxor_instance_n16_k2_m222_ell2_eps0.2_kappa0.625_rho0.6.log,schmidhuber_stage2_circuit,16,2,222,2,0.2,0.625,0.6,False,16,0.6216216216216216,0.0,1.0
/Users/julian/CodingProjects/UniT3/QuarticSpeedupK-XOR/z_Daphne/data/final_problem_set/kxor_instance_n16_k2_m222_ell2_eps0.2_kappa0.625_rho0.8.npz,kxor_instance_n16_k2_m222_ell2_eps0.2_kappa0.625_rho0.8,/Users/julian/CodingProjects/UniT3/QuarticSpeedupK-XOR/logs/final_problem_set_quantum_stage2/kxor_instance_n16_k2_m222_ell2_eps0.2_kappa0.625_rho0.8.log,schmidhuber_stage2_circuit,16,2,222,2,0.2,0.625,0.8,False,16,0.8918918918918919,0.0,1.0
/Users/julian/CodingProjects/UniT3/QuarticSpeedupK-XOR/z_Daphne/data/final_problem_set/kxor_instance_n16_k2_m222_ell2_eps0.2_kappa0.625_rho1.0.npz,kxor_instance_n16_k2_m222_ell2_eps0.2_kappa0.625_rho1.0,/Users/julian/CodingProjects/UniT3/QuarticSpeedupK-XOR/logs/final_problem_set_quantum_stage2/kxor_instance_n16_k2_m222_ell2_eps0.2_kappa0.625_rho1.0.log,schmidhuber_stage2_circuit,16,2,222,2,0.2,0.625,1.0,False,16,1.0,0.0,1.0
